Predicted_Time,Actual_Time,High_Risk
8.47006072647805,7,False
4.105874146417014,4,False
4.845647738710156,6,False
8.239468958371585,5,False
5.144374983749668,4,False
7.540586439058131,8,False
6.141495264027519,5,False
9.344667118491316,6,False
8.352212465198688,11,False
6.894331263825542,10,False
8.185644916377049,12,False
7.685586056352511,8,False
7.806131357842399,6,False
2.7502865084344954,1,False
5.435910925340069,5,False
6.029122585060707,7,False
7.426623026926508,6,False
1.0273102234328864,1,False
2.083435685118868,4,False
4.786387051919776,5,False
2.7253991409201923,2,False
9.830142000995584,12,False
4.759156105524553,6,False
5.349972707542963,7,False
7.645082951133387,10,False
10.892279757332282,12,True
2.8548012107483967,3,False
4.415291498453602,4,False
3.03550228261185,3,False
7.484269874541907,6,False
2.9548251341728005,5,False
7.01360915893835,8,False
6.323352331760985,6,False
5.305095442879654,6,False
7.040791845699101,10,False
5.186871681977081,6,False
9.348560942961615,10,False
11.229879568962126,10,True
6.641586750195236,6,False
5.9281658883259185,4,False
5.310655008066486,5,False
5.074869587587258,5,False
7.982223141733049,7,False
8.196922303706314,12,False
5.7481259390084,7,False
6.818393793903043,7,False
3.134566897789103,3,False
7.452825943826854,10,False
1.558386730987027,2,False
4.439088450383458,5,False
6.691263709818397,8,False
4.664557710373464,7,False
2.3901007086841526,2,False
9.431325139664683,12,False
3.6781709530201843,4,False
8.218983479590095,11,False
5.050832237120611,5,False
5.88516242054691,5,False
6.757509361104882,10,False
3.5736841155507832,3,False
1.1053371346043717,0,False
9.635881021284726,10,False
7.430132039796161,7,False
1.1296764619677342,0,False
5.320442068826985,7,False
9.079966444710665,10,False
7.65024389408673,8,False
5.8945430643114225,5,False
9.58340277446847,9,False
1.6768427516387048,1,False
7.54678003384351,6,False
3.433792047062319,4,False
6.204718146981132,6,False
2.0252585231172375,2,False
2.2880454180791423,3,False
6.080193153205739,5,False
3.798490830748802,5,False
7.588881059717923,5,False
11.567420727223501,12,True
7.030171511215911,5,False
2.005803697665474,3,False
3.915671985812386,4,False
10.579840707607516,10,True
6.518130375327059,6,False
3.7898872273862523,5,False
7.335757974878345,4,False
6.650764740565011,4,False
6.489700949196656,6,False
5.738492013626123,7,False
6.442919278050668,6,False
7.015228233978095,8,False
7.392606453760817,11,False
3.7365976115503714,4,False
5.662465286563558,8,False
6.453176154171303,7,False
4.333056072616772,4,False
4.370101674564996,3,False
6.87743858840768,7,False
7.60856289719491,6,False
7.158982626762355,10,False
6.980958053913049,7,False
9.096448264304644,9,False
5.420680398462675,4,False
10.670251782816521,11,True
2.5785106622596308,1,False
7.831364823579541,6,False
8.227661217027906,6,False
3.5139942860571827,3,False
5.978515772381858,6,False
10.781535626357535,9,True
5.876451436605034,6,False
6.676837488067328,5,False
9.918176140171987,11,True
10.219423170070096,13,True
8.861490229051368,9,False
2.742133809317176,3,False
1.1603825033473942,2,False
1.1530412267829995,0,False
12.497654064426843,13,True
7.817214259207088,8,False
10.010576638244322,11,True
6.431102482794031,6,False
10.271238927551494,6,True
5.8839065895709615,8,False
5.806461371158144,5,False
3.8357061751985824,4,False
8.375699660842452,7,False
5.186675062308062,4,False
2.2019358464895165,2,False
9.26188292235832,6,False
6.700016255912259,5,False
5.4311459177480295,3,False
2.6626199910435306,3,False
3.011058301385385,3,False
6.456368901539521,7,False
4.7797755208887,6,False
8.186633071744426,9,False
7.425980025165542,12,False
3.55953378645198,4,False
9.90514929546304,12,True
4.35568063951058,3,False
4.909332158520055,6,False
7.12902147406319,8,False
7.076474300505789,4,False
7.485132454542971,9,False
8.698255934056771,8,False
4.15656328241839,5,False
8.32290141439169,11,False
3.395313359781257,4,False
7.245974587976772,6,False
8.47389512557865,8,False
5.716537147542873,8,False
5.067294297641221,4,False
8.308309870801123,12,False
1.7171704220917032,2,False
5.081413491646693,5,False
1.9205978556913408,2,False
7.036093862623321,7,False
9.36305160111072,7,False
7.444011124633803,6,False
6.400603125035235,7,False
3.464079261612757,2,False
6.890581551680119,6,False
4.945441534292323,3,False
3.5906694878839596,4,False
9.476588879948057,7,False
6.315178385686396,5,False
7.831215012239197,7,False
6.4188213341392375,5,False
1.5058567062972195,1,False
4.306729616054307,2,False
4.3985808182366,5,False
4.381938534706789,6,False
6.520929238273409,7,False
1.540952430190611,2,False
5.770996221338599,9,False
6.222314278880436,6,False
3.593555108903707,4,False
1.830247279841129,1,False
7.924824928885918,7,False
9.698173799998772,11,False
4.078019392853009,3,False
4.912625150618704,5,False
2.7519804273126756,2,False
3.2662443230113114,4,False
12.413708868298267,15,True
8.226116681222143,11,False
8.477395954304615,8,False
6.223675249362819,7,False
11.083766356965306,11,True
4.547129815868555,2,False
8.349062234360368,8,False
3.24475030231676,2,False
7.815662606173504,8,False
2.6312658824313706,3,False
5.964535663098117,6,False
3.060278514344522,4,False
1.8999847083754826,1,False
7.0482368971034735,4,False
3.750469428851501,5,False
3.8266930394485685,5,False
9.105251281543953,11,False
3.6414637284937554,5,False
6.610824284391003,4,False
1.9739592049403702,2,False
8.925846335638024,7,False
6.3913485929272476,6,False
2.821620128925173,4,False
3.836323836365717,5,False
6.7072763270243865,6,False
5.4012990468084725,5,False
6.075601496440552,7,False
3.7830361358584303,6,False
2.7317319668117426,3,False
3.9241565944799492,3,False
10.162567340787714,13,True
5.251403308816776,5,False
7.797253090532916,6,False
6.2343071484855965,5,False
3.0848558091102505,3,False
6.893510860340932,6,False
6.030344422627324,7,False
9.15522319575646,7,False
6.6730078368173045,6,False
6.629163449645787,5,False
3.7344715615438715,4,False
4.00528145192251,4,False
11.506077020028842,11,True
3.811968909825749,4,False
4.30092680860839,4,False
7.630407047794449,8,False
2.3075119746030417,2,False
8.317455573201041,6,False
10.97358478818539,12,True
2.8838190090509466,3,False
7.29812111269683,6,False
9.109081211964401,11,False
4.869013295585852,6,False
7.453684703014923,7,False
6.392039801102016,9,False
4.628742249472689,3,False
4.942996204979633,5,False
7.214911630094778,7,False
7.441003008146538,6,False
2.8531393610028006,4,False
6.2701171547359404,6,False
2.8076185311904744,5,False
5.291533687176595,5,False
6.8577781210596696,8,False
6.871984015910289,9,False
10.609060837115717,7,True
4.310764666490726,5,False
11.554222291758805,16,True
6.161956538623997,8,False
6.46919239990805,8,False
4.32069012234442,4,False
1.6012576217478403,2,False
4.537316211440942,3,False
5.272139614183484,6,False
5.289307505484146,7,False
9.088240514224044,9,False
8.146803307083083,10,False
8.974120863610302,10,False
7.485357055217612,9,False
4.6712947038538,6,False
1.7186059329194743,2,False
6.519962949429532,5,False
3.4516524438338614,3,False
8.41899723381068,7,False
3.141079995552962,3,False
6.024717552599536,9,False
2.970735803391764,2,False
1.2677605056371464,2,False
8.659094643877673,10,False
6.026548688365531,5,False
9.30188644128473,9,False
10.207991093947467,8,True
1.9603573302930872,4,False
3.9648163259205518,6,False
6.031083891261299,5,False
5.812682814396551,7,False
7.385392600837964,7,False
9.137388864816124,11,False
11.200360551972059,14,True
4.612819231749258,6,False
8.27200220225611,9,False
2.4201557952969237,3,False
5.473998392439208,5,False
6.037528660692836,5,False
8.757392651840277,8,False
8.158348091957876,10,False
12.503742468085903,11,True
5.917198054851858,7,False
3.3582804299818445,3,False
1.1814437843040961,1,False
3.17854465913946,3,False
3.9698798478306148,5,False
4.19347791040845,4,False
10.857266825583615,11,True
6.013002793200057,7,False
4.847975573061952,6,False
7.138710854061967,8,False
8.193177025605276,8,False
4.156590299560754,5,False
10.279620820999142,10,True
1.8579275851027708,3,False
3.8353719949254788,3,False
4.779593014232512,5,False
4.309244508410426,3,False
8.233624488266129,6,False
2.1143787955251128,1,False
5.818523734277961,7,False
6.544077066012587,4,False
11.330608688902785,11,True
2.9689435527617167,2,False
8.447509929620466,8,False
7.517938662340692,6,False
3.708631354561831,4,False
1.8780591886650049,1,False
1.3214156609712981,0,False
8.194574435352308,9,False
2.6369083452592887,1,False
9.865604860021362,9,True
7.898482143795512,5,False
4.858516597993485,4,False
6.068803700868862,8,False
8.330948956270404,6,False
4.138419101063194,6,False
8.7497812710833,11,False
8.675429199431257,6,False
8.018496125493453,9,False
2.0648573898682123,0,False
11.167372523025943,10,True
1.2058311400135127,0,False
9.08887617761535,9,False
1.5496964715357322,1,False
8.217397713590715,8,False
7.296458456844847,7,False
6.9926852068553496,8,False
3.1028762134053434,2,False
7.29187459498533,6,False
2.5851279527492768,4,False
9.567576348385018,9,False
2.7336723645099674,4,False
7.366968380502879,8,False
8.851266111282712,12,False
3.2986274678232492,5,False
6.4855672122818016,5,False
11.469254635485042,14,True
6.714371994976679,4,False
10.912901663085707,9,True
6.162409391283877,4,False
11.130617747642628,8,True
8.63030336465312,9,False
6.277808158591196,5,False
3.6642518803743793,5,False
5.3004918556421705,6,False
8.192813151825149,13,False
7.36765854891546,5,False
9.563034247313997,10,False
6.03378603985298,6,False
10.648740121066737,9,True
3.1329070875145604,3,False
7.533590252061448,10,False
5.6378395110463595,9,False
9.99269041336953,9,True
11.58071876539118,12,True
2.1163054326241886,3,False
4.8963989550339075,7,False
8.722314232997002,6,False
2.0312224878869793,1,False
2.9775763584755537,2,False
5.374483215879602,3,False
5.144750626381376,4,False
4.174058269981517,6,False
2.910100386310346,1,False
2.2714628013782,2,False
9.592459397302417,5,False
3.469620838274594,4,False
4.138161328903935,2,False
3.050293107191419,4,False
8.39968543407558,9,False
5.729842668956456,7,False
5.592297690105093,8,False
8.325413223097854,10,False
6.976705180348317,7,False
7.596232839304062,8,False
0.9594198315772324,1,False
11.177090658888126,8,True
4.548663872501665,3,False
8.223258669676538,8,False
6.456448116833461,7,False
5.376289523196296,5,False
6.020159003095456,6,False
5.510012443433007,8,False
7.8239546912567075,6,False
1.819040023846644,2,False
4.264976852068463,2,False
6.2119969469984255,6,False
5.216722241826355,5,False
4.555473274876842,4,False
1.7179144679734053,3,False
7.023468513882704,5,False
6.004245070254077,8,False
7.842206284095461,6,False
5.116525605810372,6,False
10.840352286029415,9,True
3.155853805084354,5,False
1.3732590717862188,2,False
8.448102952977727,5,False
5.604989301935364,4,False
3.62977910133748,4,False
10.028620386828397,12,True
3.0281728505824907,5,False
2.077488946972575,3,False
10.545375324017813,8,True
7.436783340085038,9,False
4.723811409194564,5,False
6.703581825888541,10,False
11.304699497404334,12,True
4.488844263823418,4,False
5.98083046908932,5,False
1.6001811125310494,0,False
2.600475748863249,1,False
8.422800183193246,10,False
8.83615204024772,7,False
4.726893301246081,5,False
5.489448539127312,6,False
7.223094980003025,5,False
3.773908912959236,3,False
9.545707090202784,8,False
2.881362288389652,3,False
5.309798509646058,4,False
9.299269160538717,7,False
3.971264826119481,5,False
8.227838699066895,8,False
5.743823705531077,3,False
1.148894254225561,2,False
6.57679183109332,8,False
1.7135781445784009,0,False
2.257343161229331,3,False
10.354233744127024,10,True
4.802568333604546,3,False
3.4987791500308707,5,False
2.9375205733834586,1,False
8.592984946902583,9,False
10.125129972460375,10,True
8.908805019538725,9,False
9.244133338734748,11,False
5.421341627256696,6,False
11.022081890862236,9,True
9.0247835456642,7,False
9.704485866160741,8,False
7.225949533997442,11,False
6.329840842492916,11,False
9.065768238245987,8,False
1.3324329492388278,3,False
3.074178961875141,3,False
5.52012688777485,3,False
7.134623640176934,5,False
3.732268416243431,4,False
12.493709096881814,15,True
9.455927414704012,11,False
5.835941902370562,7,False
9.37312699394288,12,False
5.673927648989781,4,False
6.212764183276616,5,False
5.585632730159034,4,False
3.674017448281681,6,False
6.478143211184438,9,False
7.4523793052913305,8,False
5.002727076049997,4,False
8.834289500379038,9,False
1.5606825204874237,1,False
7.626367912912599,9,False
11.752188266386925,8,True
7.610299987701477,8,False
6.273865897558677,5,False
6.872034621258643,7,False
5.180133763824384,5,False
7.492736432869615,9,False
2.74953043680633,2,False
2.294270828683972,3,False
12.399847316956475,12,True
3.5631374174913457,5,False
7.149924581021829,6,False
1.1188223051417934,1,False
7.449588197888248,5,False
3.8126114183509583,4,False
4.402034078388488,3,False
10.434898964682462,12,True
7.6727384653463,7,False
2.4512000350785534,2,False
7.901119734166004,8,False
6.952663897355379,5,False
6.308319569979146,6,False
7.454161856056156,9,False
10.487790588239772,9,True
11.683772709907052,10,True
9.320359067501576,9,False
6.20056100267287,9,False
5.420301679323142,6,False
7.739770628412456,9,False
6.4685701868005605,8,False
6.593542230576709,4,False
8.343164548643227,9,False
2.2791446259377226,3,False
4.463730709535577,7,False
7.337287131955,9,False
10.591009814596454,14,True
8.6242815761175,6,False
1.1355440646554147,0,False
5.103872522587549,4,False
8.476878005819707,11,False
4.721647714326945,7,False
5.362834836197279,8,False
8.266213754150755,4,False
3.747217363415976,4,False
9.762590598222987,8,False
8.886388528976418,11,False
4.771707815414333,5,False
4.85303331998705,6,False
3.1524931009892025,3,False
10.08356626302874,9,True
3.827133276747794,2,False
5.364739238558574,3,False
6.30600707735014,9,False
3.0284583684033244,2,False
8.163375078820383,6,False
4.091548533808133,3,False
10.444459470258456,9,True
3.6724593580462086,5,False
2.877904068040436,4,False
8.704653917592822,12,False
7.280061785862877,10,False
6.50914360346148,5,False
7.544978154836206,8,False
4.791644035105231,3,False
5.3982683346592495,7,False
9.000685389060068,11,False
4.7538027984278735,5,False
4.484676991038986,5,False
5.656932216479258,7,False
9.627769292102341,12,False
2.2258708977428663,2,False
2.919247450706698,3,False
3.347904224800185,6,False
9.615799286872592,8,False
4.788130790780839,4,False
5.33936264199633,4,False
6.993796187187878,7,False
9.365923977189034,8,False
3.041423029647617,4,False
1.1590437416262525,2,False
1.9603920527857328,2,False
6.8947093205223,8,False
2.5572107380949136,3,False
7.619627870768957,5,False
4.816946621038451,3,False
2.664555376280779,3,False
3.246467871686737,6,False
7.966478934648071,8,False
4.3629588557653065,7,False
3.747357566559966,4,False
5.096805772699199,7,False
7.579143240087253,10,False
5.594502120819632,6,False
6.001833422878797,6,False
3.7594493238850584,5,False
3.8422057747801204,5,False
7.103363789736747,6,False
9.703962805933212,8,False
11.433851026721898,11,True
9.378965617218004,8,False
11.913094981995648,11,True
5.757211649658167,8,False
2.7294229232829013,2,False
11.581201734327562,16,True
8.278566397399015,10,False
1.5957349757882469,3,False
7.668796023236769,9,False
5.554244036282466,3,False
7.525627097779298,5,False
5.215407191416869,7,False
9.322095670844671,9,False
9.032750108259442,10,False
3.925288971395831,4,False
6.636214724348679,6,False
5.289305934612895,6,False
4.5305058093473445,4,False
5.504663975917291,6,False
7.0516081539760584,8,False
4.803753136705352,5,False
4.582197813608966,5,False
8.047163347068958,10,False
5.157356711859406,8,False
7.253916250155926,8,False
7.34014057982619,5,False
7.92346661400429,10,False
5.501360210593726,4,False
6.3752574872735615,7,False
3.446645869140295,3,False
3.6321013294043407,5,False
3.292656002579479,1,False
9.944697539754136,10,True
6.604369869514569,4,False
11.06234459580154,9,True
7.909036195363259,7,False
10.567571625848304,14,True
5.357802314148861,8,False
10.331762104799614,11,True
8.689579968644434,13,False
3.894071388518695,2,False
4.500030103481755,2,False
7.880262589334989,5,False
7.649202767059696,6,False
5.494127681203126,5,False
5.299155386601899,6,False
6.142545917126986,6,False
7.83583525693008,11,False
5.8998660137428125,7,False
6.348038988253608,8,False
7.733833072626363,10,False
2.0065848632942913,2,False
1.5146822293182858,1,False
5.891156185719965,6,False
3.525457370021566,5,False
5.088832918841966,5,False
1.8606758088422177,2,False
3.626596866051547,5,False
7.2626398386985,8,False
4.215971640703588,6,False
2.346534281311814,2,False
2.4102499588738873,3,False
7.714166097005302,7,False
3.6885959855028227,2,False
7.81915505519118,10,False
6.305124867449585,7,False
4.788598380950241,5,False
4.246959262366926,2,False
5.212423987955241,5,False
4.855561464248096,5,False
11.514168423093453,8,True
7.472125035292163,10,False
5.229325245859997,7,False
6.976550748375013,6,False
7.03364914126247,11,False
5.449090902067799,5,False
2.3885910965276347,3,False
1.5236793511764093,1,False
11.442740963508585,12,True
7.343202640628315,10,False
11.496170087587473,15,True
9.18772766749287,10,False
10.142644968977848,9,True
10.149766770791947,7,True
7.385852951576192,6,False
2.829035354152831,2,False
3.392682705255705,4,False
8.51320519316457,9,False
2.961554017493426,4,False
10.019319571122956,9,True
6.3128913939018405,5,False
7.891582502306327,11,False
4.97522638547108,6,False
8.218417479087623,7,False
8.331084409421493,10,False
5.280431244736575,6,False
2.861259961400908,3,False
11.751898088062854,12,True
2.8061576468814184,3,False
6.638489408183369,8,False
4.739058864377682,4,False
10.023991886779848,7,True
8.585078306247837,5,False
8.317150351516421,8,False
1.6385008065868307,1,False
7.702389813747257,11,False
7.322413811494176,8,False
10.319321738513448,11,True
5.236026300496475,4,False
7.69261616704258,6,False
6.931814910670366,8,False
6.302708081207729,5,False
5.4621152734994585,6,False
5.770509737142206,5,False
9.663164546098834,8,False
9.93058610265963,10,True
7.038687801330595,9,False
4.53202818135641,5,False
11.350967715739634,14,True
11.150214420499234,11,True
2.849971665438643,4,False
12.005597312969808,14,True
9.315290679119613,9,False
7.880038283796155,4,False
6.613805281062544,10,False
9.848106397423013,7,False
6.284708357880009,8,False
4.80653492957723,6,False
8.052166937599521,5,False
4.424105946435811,3,False
3.7312354497548714,5,False
8.088286647254602,7,False
6.821023746165469,6,False
2.3164412221294173,3,False
5.335341010274544,5,False
1.585290794014636,2,False
6.874665702226645,5,False
4.5240770397279055,5,False
3.8535052494217545,4,False
8.567352953154025,10,False
8.441106201119087,7,False
5.314302445433987,4,False
4.853030569498081,3,False
3.995401330892141,2,False
6.293966864621409,6,False
10.244209897110755,10,True
4.703239952004898,6,False
7.860868976420061,8,False
11.000310063724866,12,True
4.723013933024387,5,False
4.266861830423802,5,False
4.570470212552602,5,False
5.316343246749313,5,False
2.9970410931868052,3,False
8.158988917055591,5,False
7.849104499933126,8,False
6.393376565734964,6,False
8.55971926802394,6,False
3.037646700119408,4,False
7.695904037647077,7,False
5.807726935101362,4,False
7.591277022810141,10,False
5.908227419778788,4,False
9.235082694001022,10,False
7.267886790417473,6,False
4.351712026596399,3,False
7.8731820478056305,10,False
7.272014401539039,7,False
9.8590356325072,11,False
5.127537772700483,7,False
6.156646751487527,7,False
2.1062208703384853,2,False
6.711691697193895,7,False
6.524697178226692,6,False
6.654806217067982,9,False
5.131087953925938,5,False
7.668218552818365,9,False
5.053140217092837,6,False
4.169981385843632,3,False
7.628626894904021,12,False
1.9523517321570072,2,False
8.485923573282228,9,False
8.833475691983818,10,False
9.952823328430442,7,True
3.6634638593635316,4,False
8.320026359972035,9,False
8.233529294525315,7,False
2.5706674401888083,2,False
1.346078615939498,3,False
10.111030484031131,12,True
2.1808406767194084,2,False
7.568860754584252,10,False
7.558065117522517,7,False
5.209009656559491,4,False
5.879822634443885,9,False
2.946293461866368,5,False
10.439084910232713,11,True
4.097246888683999,4,False
4.741433689983631,2,False
2.7755702199318977,3,False
5.049429683331665,5,False
8.61586556057891,11,False
9.266418258131328,9,False
1.2484012301826324,2,False
4.3817610005165,4,False
12.117432764188843,15,True
4.194026938951874,6,False
5.663309630424453,4,False
5.654376930285572,7,False
8.659841311008861,8,False
4.4904215201382405,2,False
4.034059374766862,7,False
5.148029683448925,5,False
7.550856979299174,7,False
9.839972180124073,10,False
6.962757939305471,8,False
6.685625610281706,4,False
9.66713548779654,9,False
5.084863203685588,4,False
11.533423747192487,16,True
6.2609286155757555,6,False
3.0993513259166274,1,False
9.57244717895185,11,False
8.466495052293599,7,False
1.0067916194893005,1,False
6.133543649809818,9,False
1.7224201111155697,1,False
5.072872521993427,6,False
4.014467924932937,5,False
8.530658816211632,10,False
9.897710124441726,8,True
1.8972646192495972,3,False
8.119619119520758,9,False
5.233221687812822,4,False
8.50954166757123,8,False
1.705743411538533,1,False
7.361985643269996,6,False
6.7277121187689986,9,False
5.647470445397465,5,False
10.20214971991363,13,True
11.225898575403622,10,True
3.016170816329898,2,False
2.883081216935543,3,False
5.287051525445748,4,False
7.329661899498561,6,False
7.096344595993407,7,False
4.895184396460537,5,False
2.9322488908294666,2,False
3.8123149750170136,6,False
11.152809251819493,14,True
6.95995153061908,6,False
7.68591295726461,9,False
8.19024841025287,5,False
2.9660103951473396,5,False
5.282740730355695,3,False
7.431484746577915,9,False
7.964544155529434,9,False
5.099531807186225,5,False
5.692965543591384,6,False
5.178718532230821,6,False
5.149314454635283,4,False
8.774498977148191,9,False
3.3343893763614787,4,False
4.854500402261575,4,False
7.946924064801859,6,False
7.3486908163293885,5,False
7.3921621689489285,9,False
5.205139496901415,7,False
7.4692099751139285,4,False
10.172834414819983,12,True
5.290498788183491,7,False
5.909247604552686,6,False
5.5262689385750265,7,False
9.645555640120811,10,False
7.608193357752009,12,False
5.282838331258964,5,False
6.908342040839045,8,False
6.331395008911329,6,False
5.838790939384748,6,False
5.015656558839767,9,False
8.407524801750183,8,False
1.6529508950818288,1,False
5.597922670715165,5,False
4.514189895921744,2,False
5.864475111049942,6,False
5.4166458075296084,6,False
7.93044352054059,5,False
11.052643457746772,11,True
5.193270276450573,4,False
2.6169918742618616,1,False
6.740640494623629,9,False
4.948787271026519,4,False
5.665475082060323,5,False
3.759245405007163,4,False
5.955434954792554,5,False
4.9941355784580725,4,False
6.062393621311789,6,False
4.217658589814205,4,False
5.736262758917463,3,False
6.215174396643729,4,False
8.196123998143962,8,False
3.553035471019384,2,False
10.700980085824643,11,True
4.572520875461012,4,False
10.180726469755076,14,True
1.3456101815212156,2,False
4.459586434393239,3,False
9.502723722360763,10,False
6.7725451046674685,6,False
7.591171378680365,9,False
9.5776137634357,7,False
7.706029644634925,5,False
7.045722196216799,5,False
6.69000562726659,7,False
6.63802047151417,8,False
12.488445368496379,12,True
4.3492555491258305,6,False
7.817472101833734,6,False
4.414709028651804,4,False
5.923704789546795,4,False
4.216824885240617,7,False
7.22546947620585,7,False
6.185412296415356,7,False
6.40114380989599,5,False
5.045433319371658,6,False
6.373644503922664,4,False
7.089003083564368,6,False
4.193826310312202,5,False
9.655819368351212,9,False
2.563500422459126,1,False
7.81890080724378,9,False
7.788891340920809,5,False
7.001008133155202,8,False
4.031565029738141,4,False
7.219908022003789,6,False
5.599642914712441,4,False
8.216127989929921,9,False
3.888136117529466,6,False
5.083185110331473,6,False
6.992200605736049,7,False
3.7128100528337447,5,False
5.053051051191335,4,False
6.312876356927871,6,False
6.292847518245184,4,False
2.9725216001888253,1,False
11.34700107899838,12,True
5.327591835870862,8,False
10.937415880748478,15,True
6.661024807124952,6,False
5.389197561107094,7,False
9.291379380612927,12,False
7.143114417253145,9,False
8.071402562100793,6,False
11.345839321367878,10,True
6.021931266045238,6,False
1.3670737919212552,1,False
1.3400935761096626,1,False
1.579583934929663,2,False
4.7144419100600805,4,False
1.7519374819995237,1,False
6.695366271893597,7,False
6.09996476734856,8,False
11.793263747630066,11,True
2.0981902110179718,3,False
1.0596225790014673,2,False
5.38898931220689,3,False
8.954446695086677,9,False
9.487654033583873,7,False
9.018348195342098,12,False
6.083204367355816,6,False
9.018552651128221,8,False
6.413404916488748,6,False
4.292932610856425,5,False
7.312491558357983,6,False
7.388450183583976,8,False
1.5665458594770492,2,False
7.063165270465037,7,False
5.585457179117877,7,False
5.135741119573744,5,False
12.178261794982824,10,True
7.255355911673351,9,False
5.476062193855006,5,False
8.444975651409301,14,False
4.516220763726708,4,False
2.1135664095120275,3,False
8.116743075055647,7,False
3.2370905314927576,4,False
5.587345383823765,6,False
12.324804225074942,9,True
8.50072217328786,10,False
7.125948171406901,10,False
9.922792321834796,11,True
4.5754864028841045,2,False
10.678183856929573,13,True
6.840091802195707,7,False
3.6957587763350044,3,False
6.960727688327407,9,False
6.28517622508674,6,False
10.22663080312181,9,True
10.799601869670594,15,True
8.127864865121243,7,False
2.3132960637052786,3,False
8.210569460106411,7,False
12.075686542049949,11,True
7.348946766610786,6,False
6.769161392779664,7,False
3.6326092256808886,5,False
5.463766777761216,6,False
3.4246142927703414,6,False
5.055161025168699,9,False
9.917483128013,13,True
3.343810418701766,3,False
7.512367694243983,6,False
1.9585009630253456,0,False
7.4032759182814925,9,False
9.629521414429277,8,False
6.918657251867417,4,False
1.6030666459612588,3,False
7.592456892930192,8,False
5.221657415588995,4,False
3.489838023066838,2,False
5.954016497916649,7,False
6.058611526248879,5,False
7.762993488676085,5,False
7.71302056541293,7,False
12.367148646637983,12,True
4.855794909887357,6,False
2.0263380231150823,2,False
2.7349727981460816,1,False
7.4402662817663305,10,False
10.085377018352299,9,True
2.756093049738155,3,False
4.827736783185715,5,False
7.707870579641892,9,False
2.3017656824019097,2,False
3.2480380651782115,3,False
6.798943855782441,7,False
11.797611398172533,11,True
4.801388876951496,4,False
11.102719108775748,12,True
3.343396705059023,3,False
5.44919079899799,5,False
7.794624047810127,6,False
2.992503738314377,5,False
6.099184070267323,8,False
6.880981987422522,7,False
9.71702558812026,6,False
7.431103432239978,10,False
6.52699869462322,6,False
9.927615435807372,11,True
5.247589971734207,6,False
7.9348578230055855,7,False
2.0331327823583116,2,False
1.853253627186664,1,False
7.9061126571772125,8,False
2.976815499392914,3,False
1.6569944749179726,2,False
5.782274225734372,7,False
1.935521609170216,3,False
6.965539685242893,5,False
7.432695085691512,8,False
3.4428482330007526,4,False
7.1109202131701625,8,False
6.702369693628378,7,False
5.721932268013459,6,False
3.2787529250838734,4,False
9.621112421061433,12,False
2.5179752300792186,2,False
4.187105350029665,4,False
9.840342348152692,13,False
7.501655641827356,7,False
11.498892434246724,10,True
3.9833624846399127,6,False
7.233272553008576,8,False
4.566593721648483,3,False
8.291726396828587,9,False
3.0958098418547007,2,False
5.982193700666581,7,False
1.7498361544672703,1,False
4.983054555541035,5,False
7.364830031129944,8,False
6.396504134043947,8,False
8.101408373441233,6,False
12.005998795474888,11,True
1.890315899618546,2,False
5.974125342187204,8,False
9.490010170449732,8,False
4.309403657998709,5,False
4.671319375401423,5,False
5.431822917469341,4,False
10.465340711073866,11,True
5.142782599579753,6,False
10.378976322487086,8,True
2.2279659078497343,3,False
1.302653123448021,0,False
3.6988343915721087,5,False
7.121964971966047,9,False
7.35884922357599,10,False
7.29250643737607,6,False
6.429053874135921,8,False
10.107141521102951,14,True
3.0626247004801206,2,False
3.810328930686521,5,False
1.118093275792007,2,False
6.615088088639398,6,False
7.08382868997967,10,False
7.11657408539964,8,False
1.5577095302740274,0,False
9.820550387916766,9,False
6.285111450730242,5,False
3.1121831666370867,3,False
6.7752025023678115,9,False
3.186857338819797,4,False
8.316133351714637,5,False
7.855538988429885,8,False
7.372335225995302,8,False
7.177600587203279,10,False
9.11730598061068,11,False
3.9798334801985003,6,False
5.609114076542427,5,False
4.889577589987129,5,False
4.795167260263848,3,False
3.1498824880846317,3,False
9.853136472206991,8,False
2.9087897699645096,2,False
5.337502229505283,9,False
6.433856784049176,6,False
8.263325843117384,9,False
4.245445026093179,6,False
3.3891266522079313,4,False
8.479678310049719,11,False
6.64660742730686,5,False
2.0750586863924356,1,False
11.112724679959285,9,True
5.1527801126581405,5,False
8.375946837482982,9,False
10.605658153289717,8,True
4.162278677042856,2,False
3.823707368644271,4,False
11.258140467896544,7,True
7.618291203557549,9,False
10.69019093455403,11,True
7.264328716494401,9,False
3.5632014686921205,3,False
1.7170256160941895,2,False
6.464790887532123,6,False
7.595835944993025,8,False
5.1711875501670175,6,False
10.06711590845952,12,True
11.570151992260309,13,True
1.8628565901043945,4,False
1.150759950475095,0,False
1.699897523597711,2,False
5.8422515063226585,9,False
4.815863130071636,6,False
8.329077827742072,11,False
3.586515407493801,4,False
2.480783404082498,2,False
5.923322299423561,5,False
7.884980119304468,9,False
1.9201955088757545,3,False
7.034427348306479,5,False
3.9542773882044644,4,False
7.0061766393457106,6,False
12.354476601096293,10,True
6.788856013217505,6,False
8.180336035536733,9,False
7.265853512183272,5,False
12.164198415607844,9,True
4.858597991330502,4,False
8.428402070121438,11,False
9.370052638645891,7,False
9.621426783395268,8,False
4.5875326782214305,5,False
10.927896855800478,12,True
11.144113773091988,8,True
4.342974203442973,5,False
10.275276201604381,9,True
7.974325924023186,8,False
2.324179584771028,3,False
6.869483215234868,7,False
7.980370018121153,9,False
4.43255784331401,3,False
7.749461370163904,6,False
8.208268862241786,10,False
6.395439106129158,7,False
5.286006657443254,5,False
6.136675486310752,6,False
3.1653302319019443,3,False
5.913377978152204,5,False
10.100583632063302,8,True
6.387969726667231,6,False
2.7186641030188916,3,False
1.7227333602712624,3,False
7.706694811074877,5,False
7.941078754612617,8,False
9.819903509935592,11,False
6.779573733028449,9,False
9.564284505731154,14,False
8.060620276316552,7,False
3.374782207501972,3,False
8.906869941765537,10,False
3.3731110019304014,2,False
5.528137068281193,5,False
5.886619121894212,7,False
11.072991757999688,9,True
7.043164763765777,9,False
4.18161642922394,4,False
7.04117876238123,7,False
6.429877157423524,9,False
8.119169677666475,10,False
4.887836427249896,4,False
7.362485617863088,8,False
7.907104858377478,7,False
7.118704946733325,5,False
6.14907346309864,8,False
6.613596877754956,5,False
8.281238218384948,7,False
3.046748365250714,4,False
10.490175775505397,11,True
3.8588150339349925,4,False
10.62767364773606,14,True
3.398191205960593,2,False
7.057014913574854,8,False
8.557656241539227,6,False
7.441200556233401,7,False
1.715001364655353,1,False
2.491519643969018,2,False
8.354916915579057,8,False
1.977222827689821,3,False
11.259601887218968,10,True
11.114543471915145,8,True
2.765397597524013,5,False
4.135679118351233,5,False
10.005234978269218,11,True
3.9836548649059003,3,False
9.569242301028133,9,False
7.675329825958996,6,False
8.109332481731638,10,False
3.940161979094602,3,False
9.157827798009421,14,False
8.87190399130768,11,False
2.967421811053189,2,False
3.540430633301148,4,False
4.93258677057855,5,False
8.929442432562368,8,False
1.4897633354090427,0,False
4.601519304140815,4,False
10.322993561444257,6,True
4.182910437923616,4,False
2.6232251953109156,2,False
7.316938723531903,7,False
8.588445037052006,8,False
8.027952891448628,11,False
1.1579787191315924,2,False
6.922470099689005,5,False
8.699636689019842,10,False
3.658685269318428,4,False
6.867789670184906,9,False
3.281320312706436,4,False
8.040029415182472,11,False
4.64032483344517,7,False
1.9876486138906877,3,False
7.189157672305319,5,False
5.829709136282421,7,False
8.264497169866857,9,False
7.342278407079035,8,False
6.482056651116157,4,False
7.9549897147876125,9,False
5.918895763123778,6,False
9.085852553550307,10,False
6.822534217301394,9,False
3.4675308660649815,3,False
7.96487829951383,5,False
7.094963238568846,5,False
2.8310141162069598,2,False
6.697147848281909,8,False
1.8590068349086257,2,False
8.350456154545324,8,False
2.9260361519333253,4,False
3.375451273090104,4,False
8.381210029543377,9,False
12.244949495577158,9,True
7.785796244589453,10,False
7.168992579139467,7,False
7.6839354866855984,10,False
1.3634956170316928,1,False
10.324230367772428,12,True
7.049792647037911,4,False
6.923597100520693,7,False
4.079063410802128,4,False
2.5834850412193244,2,False
3.3318716450869994,2,False
2.984727665514062,3,False
6.261637408751519,7,False
7.044070252166376,6,False
7.763706163628692,5,False
1.8364451461933697,2,False
6.56233399012462,5,False
4.524835916552959,4,False
3.6911743329439233,2,False
8.33347235034567,9,False
12.343399396187682,17,True
8.459797595255957,10,False
1.5014481014334375,2,False
5.316012095243442,4,False
7.373475900520036,6,False
6.531477735909788,7,False
4.943379452499405,7,False
1.6925412232127792,3,False
10.79186368865225,11,True
4.370592116708972,5,False
4.861905881243656,6,False
4.463114671186016,6,False
10.857133226062253,9,True
5.820845810179307,7,False
6.759089662214872,8,False
5.915315623851562,8,False
7.152270261434989,7,False
3.045669574753598,1,False
1.32938991127385,0,False
6.166558407690085,7,False
8.286095046844803,6,False
3.973970536016271,3,False
5.341507715835146,6,False
4.134863408516509,6,False
2.60049549941113,1,False
6.050285026093905,6,False
3.246322107463747,4,False
7.225093655359356,7,False
7.92551084360125,7,False
3.9896476885449372,5,False
3.7948031828883813,4,False
7.788278613442677,6,False
2.7555771930197377,3,False
5.300661253685797,6,False
2.1317812188390155,3,False
1.7409899577004806,1,False
1.6313989065955363,1,False
9.557361329594665,11,False
7.326149319887837,6,False
2.5907773505893763,2,False
1.460413538965601,2,False
9.031631433123186,6,False
3.1331962274555982,1,False
4.967436540563844,4,False
7.902720205783562,11,False
2.178098936915471,2,False
9.870714908796348,10,True
2.76372077559091,2,False
10.531124670773266,12,True
2.2262906475620765,3,False
5.02452388572481,7,False
12.303794589229703,14,True
6.114145580855967,7,False
4.220140181383236,5,False
6.148042332527755,10,False
4.0714331542592825,3,False
2.608060459692088,2,False
7.484275884257334,9,False
8.160712936781877,11,False
6.41203970432703,8,False
8.125880512640169,10,False
6.927307068143078,4,False
11.316598811616306,15,True
10.332683887214658,10,True
5.586546427374445,3,False
2.480267145447674,3,False
5.252395122588446,3,False
4.155966082924686,2,False
3.830052987582342,4,False
6.790579021897072,5,False
10.398711009402462,14,True
4.867124942700321,8,False
1.9707611411564132,2,False
5.306364650771092,3,False
1.5880284223120569,0,False
5.059038740395723,5,False
6.112275823356266,4,False
4.134288687452708,5,False
6.897887611459274,4,False
12.330186185399896,10,True
7.592155095483754,8,False
7.200978028268137,8,False
6.3634536491225475,6,False
8.700671496290354,8,False
6.2533913013480795,7,False
7.902864924303457,5,False
8.266693648784742,8,False
5.453007080740767,5,False
7.576607411238388,8,False
5.667192512057026,5,False
8.765628933006326,9,False
8.155004330563889,9,False
7.66014528352709,11,False
6.558557431418286,5,False
2.3947771983096073,2,False
1.902270561946798,2,False
8.150535878991436,5,False
6.942717975808508,6,False
7.777944488482921,7,False
10.025627749152523,12,True
8.534391246999586,8,False
1.785004641284531,2,False
6.123455076858539,7,False
9.857989534067974,7,False
4.667991666717141,3,False
5.693873688308248,6,False
4.9952732688867645,4,False
10.577701846122642,10,True
5.149172489335281,5,False
3.4548107650546402,2,False
10.066755278522404,10,True
8.214279333708122,7,False
4.987713790448872,7,False
5.740678545912701,8,False
8.049621570262012,8,False
7.757514409830637,7,False
9.136736452349798,9,False
10.082694333070908,6,True
9.674591039370105,14,False
2.458570488665737,2,False
6.3285101395836065,6,False
7.644698233144839,8,False
4.272550041160799,5,False
10.189904554458893,11,True
7.371360879902044,5,False
1.9733240137753238,2,False
8.186837795252734,5,False
3.869018579889604,3,False
1.7260025705380864,1,False
7.273598911826375,5,False
7.135349488483213,8,False
7.261438715551194,7,False
3.0481959590830146,3,False
4.270784400917711,4,False
6.565611738418122,5,False
9.18342900976495,8,False
5.363564119931769,3,False
4.4416965665667645,7,False
6.905445344233192,5,False
5.749710275937028,5,False
2.6589109365111776,2,False
9.385118518660237,8,False
5.664277415515785,7,False
9.253832770259152,8,False
3.701507741278625,3,False
9.411700102148561,11,False
8.76656762827449,6,False
7.6151334297953435,5,False
2.5223204230498215,3,False
1.8459798437234678,1,False
3.1586338891928643,3,False
3.1250638270014472,2,False
3.4820537815331587,6,False
9.228003346248324,10,False
9.361171709526305,10,False
7.229599072853903,8,False
5.7158956056150565,3,False
5.217997017489087,6,False
1.2196588456107795,1,False
5.7872035931114905,5,False
7.250740725890195,4,False
7.159135024004712,6,False
1.9632654460118006,3,False
3.2269412778849045,2,False
6.943455466302176,6,False
6.764671661986843,6,False
7.137839258474314,11,False
2.711589510248782,4,False
4.48647979648899,4,False
4.6785775913460235,6,False
5.287874602428742,3,False
4.894339030621829,5,False
3.1303583403938804,5,False
4.7488225137017,6,False
6.118955242456501,3,False
9.967070396461216,6,True
10.207929200268959,12,True
7.500874808622884,7,False
3.724978568896854,3,False
8.190921869138874,7,False
1.8219432819905634,2,False
7.486754921351327,8,False
5.391773245960206,5,False
8.579829477125893,10,False
1.1255558969856319,1,False
11.302179656576183,10,True
8.22848292577431,6,False
6.7030629050913895,6,False
7.530772582193738,9,False
2.8614628134161197,3,False
7.077742133550941,10,False
8.972413696579238,9,False
7.05076760740122,8,False
8.91326577111315,12,False
9.234128825287542,10,False
4.14221625434283,6,False
8.527647504061822,12,False
7.080501130634726,7,False
8.31468648488745,7,False
5.103347579399072,7,False
11.415118214071333,13,True
9.952482682227231,10,True
6.001782692434769,7,False
6.07477822011906,7,False
4.643238525491002,5,False
1.986523165578582,1,False
6.902649400638049,7,False
7.015118613860717,6,False
7.3125082141883,5,False
6.368326534198379,6,False
9.078025483588483,13,False
6.116620341558523,8,False
3.6334051869052666,2,False
9.459519855565892,9,False
1.1886672983788102,0,False
2.588796325303517,3,False
8.037815334241401,10,False
9.443274615798122,11,False
8.622607961720547,12,False
9.9661561583018,9,True
3.0141569254561817,3,False
6.837826839226991,7,False
6.074551381873746,5,False
3.133313617123754,4,False
8.086241279680964,9,False
4.429987204855047,6,False
4.055136736119068,3,False
5.283272538704023,8,False
7.971756129740946,8,False
9.782995633009197,8,False
9.914697808309548,6,True
10.710926690900516,11,True
9.161034235709067,7,False
1.3284140799407806,0,False
11.27172382242021,8,True
5.806869781061506,10,False
1.6387204580595967,3,False
2.3989159362514165,1,False
6.392625541928042,7,False
5.4792307319254325,10,False
5.4348630013485035,3,False
6.919536732748606,7,False
7.266410487892997,8,False
4.985785956009314,4,False
3.3679531761237804,2,False
8.407624943229333,7,False
9.624384157244119,8,False
5.8047297036839005,6,False
9.16087902860935,10,False
9.823208027107182,10,False
5.0734205147713105,4,False
3.0051595509074227,2,False
4.506293774776604,7,False
10.459459628545401,13,True
6.083491333398412,5,False
1.3338560710570713,3,False
2.6488334356587213,3,False
3.895370229875407,3,False
6.164992397335821,6,False
4.437080934829431,4,False
1.943537496573069,3,False
10.918373164917996,14,True
8.606146101017565,12,False
4.231405071558783,4,False
6.324091405155775,7,False
4.982660159179931,4,False
6.435075870329638,9,False
1.4081413975674888,1,False
4.823201737115569,5,False
5.335762394721348,4,False
7.3713948481498255,7,False
3.330760636835171,3,False
6.3132163653133055,5,False
4.623329019651216,7,False
9.27225851333797,8,False
11.761328060372707,15,True
2.6370490345250825,2,False
6.237152551086883,6,False
7.2488558771468234,5,False
8.813464480185022,9,False
9.806358171961596,8,False
2.852203758672641,3,False
6.24718458749245,3,False
8.008552397466818,10,False
4.186077416022675,2,False
8.189511911183338,9,False
6.317827524425486,5,False
10.209582018673435,11,True
8.910377888852423,13,False
8.398104175005727,7,False
2.8469317915496952,4,False
4.180758393931205,2,False
5.894148020641441,5,False
7.052244793527777,11,False
10.523135728914738,13,True
3.9447457517461455,3,False
6.57723756262396,6,False
8.731707436020148,8,False
2.4776549225898608,3,False
10.003390671729045,8,True
8.695638026794171,6,False
7.021948362997533,10,False
11.333368017820739,13,True
1.3641376102376706,0,False
4.935326839537088,5,False
6.603081930060885,8,False
3.2093177757497786,3,False
3.1907388044249196,3,False
4.110480871616224,6,False
1.2001888848784796,2,False
4.1388903116566995,3,False
5.922034892759742,7,False
2.3308920472176933,4,False
7.870226631181923,10,False
5.566348167937583,3,False
5.576127735934337,6,False
6.866286720635863,6,False
5.172709368486663,5,False
4.577995834449219,4,False
5.324870872665753,4,False
5.995663857436842,6,False
8.257896726321228,6,False
5.992873329950682,6,False
7.945508543646529,8,False
6.450645026430543,5,False
10.770950207760363,11,True
7.2976031516512645,7,False
8.319472110509892,6,False
2.784379084116524,3,False
3.0397200890243297,5,False
1.8304844785303578,1,False
1.2239374545908985,1,False
4.812008941188687,7,False
1.4569027126952943,0,False
8.11126669433293,7,False
10.294799986017782,8,True
4.94560432630967,8,False
4.236924529173059,6,False
4.940111579411067,4,False
8.950503978057682,7,False
5.0211103244878945,6,False
9.39949620866494,5,False
6.688649206432001,8,False
10.520061369402681,11,True
5.704247681137997,5,False
5.857082666568271,7,False
11.981886151888018,14,True
8.187181040132831,6,False
11.064678977185679,12,True
8.364394855331938,11,False
1.3453379390667015,3,False
8.283979580235112,11,False
9.383167627050874,9,False
4.913893325438115,4,False
9.144521103344335,7,False
8.972364267740206,9,False
2.208673955622137,2,False
5.190883299164939,4,False
8.453608996554571,8,False
5.231602650435082,6,False
4.478918562927557,4,False
12.58433669236322,16,True
1.489997741542349,2,False
5.969277983946396,5,False
5.266958509009879,7,False
9.800005995377074,9,False
2.4344848502598415,4,False
5.321419951402105,5,False
3.239134530793544,4,False
6.587467619540571,5,False
8.237558550907812,8,False
4.815820727148294,5,False
11.065848613919652,10,True
6.754971860597629,10,False
10.064060628773861,12,True
5.696959196991353,8,False
4.660315512517396,5,False
2.062574095815145,2,False
6.406978488288408,4,False
3.3917126141551863,3,False
8.056970870718569,7,False
3.1389778277103852,5,False
7.927567478973554,6,False
3.9752662347580014,3,False
3.7707633714625244,4,False
10.281550843811038,8,True
4.598979720030973,6,False
4.543667515695806,5,False
9.903941881901858,9,True
2.50147558950881,2,False
12.090300603558514,16,True
10.630765192955739,9,True
1.1678826980955277,1,False
8.425831998279063,10,False
6.299685036953475,6,False
8.785152769568253,9,False
6.966940594212095,9,False
4.5555366059327564,7,False
11.45091067855727,12,True
1.148312608080773,2,False
2.252862348971531,2,False
3.004913899102827,5,False
12.535175861799637,9,True
3.195522940664601,2,False
2.9448698595667557,3,False
7.089345067396072,9,False
4.373019813694517,3,False
1.9407358493719853,1,False
1.875307668389798,3,False
5.9345528836178385,6,False
8.9854317963751,10,False
5.929564217478926,6,False
8.647280831995893,9,False
6.753878121798393,5,False
8.736217155248108,8,False
7.149408498281087,7,False
4.6172968427074,6,False
8.816469396708332,10,False
6.519551283745489,5,False
11.746021690870935,16,True
3.6675395776631157,4,False
7.312536206002117,6,False
11.509183190873944,16,True
7.418223214139316,8,False
2.666100967478161,4,False
9.131478389580112,10,False
8.111961416849864,8,False
3.6755566494834806,3,False
6.659964895663948,5,False
8.376929111323026,10,False
10.029285299301614,11,True
4.264444221506102,6,False
8.157148081916791,7,False
2.326782169206199,1,False
3.969428652835121,4,False
4.22287986964809,5,False
5.854626911403478,4,False
9.376872068020553,9,False
1.606465196365125,1,False
4.3709726927801205,3,False
6.802716959012182,7,False
1.1604978457391955,1,False
7.867137245587647,8,False
3.469102211404916,4,False
4.561503742020965,3,False
4.8346095165322485,6,False
4.002125340207318,3,False
3.27467005469269,4,False
4.542428057880798,3,False
5.056655431371454,6,False
9.689833909077587,11,False
6.528343356072725,9,False
11.943192812567107,9,True
6.217192449676237,6,False
8.212024009804049,11,False
6.7165978115855385,7,False
2.962956344220214,4,False
7.944737733418114,9,False
4.473691435412669,3,False
5.580163928145298,5,False
1.8494148985266161,3,False
2.4744181533510172,1,False
6.188752891432373,4,False
4.452797009226083,3,False
9.795991278384173,10,False
12.495715136968673,13,True
5.676044895311766,5,False
10.66263792700766,11,True
6.094733480654281,5,False
5.890976967531659,5,False
11.787733242943677,12,True
8.10531440622359,9,False
5.923524039524464,10,False
7.270859163143577,5,False
5.769106309914501,9,False
10.474280808095527,11,True
7.730824650850575,8,False
4.762798402299116,4,False
6.476605428241319,3,False
5.350125964278437,6,False
6.639870007786186,5,False
5.97386607239328,8,False
5.269329174841713,5,False
10.941191227062422,15,True
7.166752090758908,6,False
10.67055033755025,10,True
4.353619404543305,3,False
4.042505319049842,3,False
2.268330980116123,2,False
10.984206885084287,12,True
4.341881830159555,5,False
7.511215107041603,5,False
4.857614303499673,4,False
11.573354571175738,8,True
5.198828150525064,7,False
6.86639284194403,5,False
7.075366618400053,11,False
6.693425189303183,6,False
5.9490261710057535,6,False
8.95474738570109,9,False
4.496785829036145,3,False
9.425029793104525,7,False
3.412303878517268,3,False
6.509113458641619,6,False
6.181470888375098,8,False
8.023577458985779,11,False
4.095149952767075,4,False
2.9673755796435914,3,False
3.314887708444187,5,False
2.1209934464018705,1,False
6.910126293303572,7,False
6.035386673996989,6,False
3.6604869129665403,3,False
3.3318226858007045,5,False
7.597444636965436,8,False
10.5073968001266,10,True
6.762629510793108,10,False
2.2997922947541234,1,False
10.757297436421208,11,True
7.540836704510482,8,False
8.29774071905254,7,False
5.332231307079058,4,False
5.186466985084754,3,False
7.880456072696592,7,False
5.12188678955682,5,False
2.481222797482012,2,False
8.070991569989562,7,False
7.2244619178701015,6,False
3.6914255731652785,6,False
6.488386705093524,5,False
3.229904143568553,2,False
7.388454675947888,8,False
1.4373158282033254,1,False
4.835185048339335,4,False
6.658689811402203,3,False
6.101977817784688,7,False
6.356044522361917,5,False
6.413195473281016,8,False
4.059875976988962,6,False
2.1669522996897603,3,False
9.128427173846978,8,False
10.250407800342067,10,True
3.807666092515756,6,False
2.016668961489569,1,False
12.359775637604724,16,True
4.5506178456315425,6,False
9.19866672590521,11,False
2.0940718356662362,3,False
1.739896270717284,1,False
2.893421364927714,3,False
9.545862830304339,10,False
6.85637309690219,9,False
9.647735475159827,12,False
6.091769091417321,4,False
5.253879553484504,4,False
1.207989648594877,2,False
2.9419234723408847,1,False
7.799220413007593,8,False
3.990668264168797,6,False
8.044503672503426,9,False
3.6377811070300474,6,False
6.289640001035542,8,False
4.516663383011929,5,False
8.141951190321667,12,False
7.247936582559429,7,False
4.745381704806784,3,False
4.343375180946819,5,False
6.6320278988937025,10,False
8.276582824681615,7,False
7.555381322853575,8,False
2.4188550486346987,2,False
6.057418490307749,6,False
3.595974061548226,5,False
4.221818513268384,2,False
3.507795883666393,4,False
3.033469684287069,5,False
6.80301226403198,7,False
7.34149634546613,8,False
8.271649076855399,6,False
8.259547539111274,9,False
5.637100322307866,6,False
7.6481583938857005,10,False
3.247623290208753,2,False
4.912428695774543,4,False
4.116374282016958,4,False
3.675541657288859,3,False
11.792818064201809,9,True
5.955024855413656,9,False
7.426343466476166,6,False
8.357175277593857,5,False
8.844816939797695,7,False
7.599458782519357,6,False
6.392313461712737,6,False
4.559344052735143,5,False
7.489029272584595,5,False
6.199510371005663,8,False
4.738036115902559,7,False
11.78618175096079,11,True
7.206391349922974,4,False
7.957910801694741,7,False
7.291744555093608,6,False
5.595777534822471,7,False
8.307552884537186,12,False
7.0760136984706845,7,False
6.8682455922568435,8,False
5.865082816996941,8,False
6.056464463466557,4,False
4.770022154550848,4,False
12.24052798985433,17,True
1.9561334062126798,2,False
10.101085945723344,9,True
5.827023658217405,6,False
5.6257671601263874,5,False
2.8801631293324856,2,False
1.596379263908009,1,False
6.142572604093052,7,False
1.7907162878471672,2,False
8.454612281372766,9,False
10.843034568155844,14,True
8.22078552068281,11,False
4.582408218057113,6,False
11.703386889303726,12,True
6.425462253038881,8,False
3.569016710044458,6,False
9.987642483419865,8,True
9.770732615700808,8,False
12.244207758164391,15,True
8.9631030046796,6,False
4.4734167019149655,7,False
3.3830340782870447,4,False
3.130991423599897,5,False
3.542864800197554,4,False
6.52458632520924,8,False
8.22258405918497,12,False
4.624128778648485,6,False
5.326032412210656,5,False
8.347960774514377,9,False
6.1913735678748,8,False
12.561859194550282,9,True
6.45875218010411,6,False
8.507392321865128,8,False
3.868768176880913,4,False
5.594646946675647,8,False
7.108864754593307,7,False
6.9556675017465235,9,False
4.629584202577757,6,False
2.277733956401593,3,False
4.3560686127622406,4,False
8.710723932766646,9,False
7.110364471887114,10,False
5.667756357763466,5,False
4.723136564368915,5,False
2.665314260139887,1,False
7.91857021572016,5,False
9.68067805545304,9,False
8.354273869563958,8,False
5.0149740030324015,7,False
8.059945540489954,6,False
5.919593305067945,3,False
2.0524262613665174,2,False
11.0573541353512,13,True
2.802112709972776,3,False
6.0354656776617155,5,False
10.829191677952881,14,True
7.574527097603642,6,False
6.951675817793399,7,False
5.248016756921192,6,False
4.329184293259275,6,False
2.400536320492008,4,False
10.31522052017641,10,True
4.610740722064632,5,False
6.843428940028668,6,False
2.3864684016384334,1,False
4.738148036570494,7,False
5.976787077953352,4,False
5.6216927235322025,5,False
8.033487634627946,9,False
5.660522658900594,7,False
4.391233290607921,3,False
4.283800457470692,2,False
8.235241508306599,7,False
12.439978648491307,16,True
10.929808947754207,12,True
6.953316443128403,7,False
4.029547546940437,5,False
10.069028875156466,12,True
8.428390990963695,6,False
4.475819987881227,2,False
3.8424869079227655,4,False
8.37242377046692,12,False
7.608208056536925,8,False
8.379042514997577,10,False
8.27569368571205,8,False
8.148780968443173,9,False
11.44468529927495,10,True
9.632125120201048,5,False
2.6625347492989953,4,False
8.92623853088877,11,False
4.9976771181679815,7,False
3.773018421310402,6,False
7.027650770348123,5,False
5.661699143050225,7,False
7.582175859387024,9,False
6.621638685421366,6,False
8.072175637336679,9,False
9.096542793135143,8,False
1.8767939944582803,3,False
6.648891481936426,8,False
4.554417122339949,6,False
2.73777735845852,3,False
8.840375694423033,8,False
5.754273910756641,10,False
9.631311591634201,9,False
11.8729960597204,13,True
8.252622258114148,10,False
6.087192330811469,7,False
6.369510120437822,6,False
2.8962812328608383,3,False
6.570574493967167,4,False
12.13074930766386,10,True
2.9117350353065086,1,False
3.8245085728734836,3,False
2.189694285803716,2,False
7.132670605254336,7,False
6.854776098160194,6,False
7.1772046339134326,3,False
7.245518216580804,9,False
3.2785493294737567,3,False
1.8835336087126038,1,False
4.095956811887577,5,False
3.7455055470625727,4,False
6.476344952897383,6,False
3.6070951578795665,4,False
8.697914751714574,8,False
2.9006879129854086,2,False
7.4298812884581364,8,False
6.042462259472424,5,False
2.5448530831066494,1,False
9.659271649194363,9,False
5.105193250694542,5,False
1.4219590208156507,3,False
4.970448155712167,4,False
6.188285219615032,3,False
10.07150850735017,9,True
7.64118920920889,7,False
7.169857337401251,7,False
7.179506180924256,8,False
5.692560030669324,7,False
7.987944348732622,7,False
7.123803710640244,6,False
11.508266958780052,11,True
7.898925277685683,9,False
4.855421361017347,5,False
5.132267435540969,3,False
6.584991788251823,4,False
12.243013060589213,13,True
7.554151020324898,10,False
7.1565946152827635,8,False
1.065461027066231,1,False
4.8533876146324975,5,False
5.579730608081841,7,False
4.96688661566866,4,False
6.043207437744415,6,False
7.550986022395683,7,False
3.48178541933091,5,False
2.8895343237201994,3,False
2.216802086776049,2,False
4.243840950979035,3,False
5.387421735016667,8,False
1.5445052968769275,2,False
3.88125979106953,6,False
7.451873733594255,6,False
3.008550620368434,4,False
7.921019799260941,6,False
4.819357014417832,7,False
4.2425020305378105,4,False
6.2200467590672925,5,False
2.8010875366832106,4,False
6.134643222178867,5,False
4.286651017461159,5,False
3.233223360610489,4,False
7.2341964599421305,6,False
6.196347344827556,6,False
9.907555400839827,8,True
3.549607607372079,3,False
10.484680165871652,7,True
6.271152971601688,9,False
10.503232623530113,9,True
6.471990437089827,6,False
7.393756444066961,7,False
9.130299302952798,10,False
2.532883418316249,3,False
4.959775092688678,7,False
6.629971721481261,8,False
5.971974305810786,4,False
6.019117315718011,7,False
1.7906766375198373,1,False
9.340582146198376,8,False
6.420968917876524,6,False
3.2880846978568505,3,False
5.6304037819823485,3,False
5.880871651226826,7,False
7.933734936612353,11,False
7.578818200279326,7,False
8.323303143486203,10,False
5.3955767737635885,7,False
6.857800481453881,7,False
6.000747995479526,6,False
6.561983238813674,6,False
1.145543038173142,1,False
8.998073344089102,7,False
4.1195939364706184,4,False
8.283648492416841,9,False
6.198144231083076,6,False
1.2895486295072827,2,False
8.117904247650488,7,False
5.906330528676154,6,False
8.00499542991951,10,False
8.9354065118589,7,False
1.262161650957748,3,False
7.263515918275219,8,False
1.8618977850101368,0,False
6.053188998973737,6,False
7.061526896204057,6,False
5.2463147937586925,3,False
7.719744111818098,8,False
3.8850991540701094,5,False
2.938127082584314,4,False
10.890987305057745,16,True
6.077470915942257,6,False
7.1911054699679156,7,False
10.418287600599275,9,True
1.514093685738044,2,False
10.715058518509721,10,True
2.9305196052051885,3,False
11.55655787588158,12,True
7.983941253462982,7,False
2.6961524010118474,3,False
11.262786943996927,10,True
4.054208833067805,4,False
5.537091471177664,4,False
4.620880784814547,3,False
1.3107887059596415,3,False
7.27082326521289,8,False
7.887182934665462,5,False
9.877658505896573,13,True
4.561745239467648,2,False
9.632234239121967,12,False
4.301757743841545,6,False
4.592784930420298,5,False
5.633804807106181,7,False
5.82325706038098,7,False
7.508335219262564,7,False
4.134678216903121,4,False
3.8934400337257475,4,False
4.123883188650934,5,False
6.874979536709629,8,False
3.6323216810760437,4,False
5.8801403688009515,7,False
8.32867233523406,5,False
5.167419980338046,2,False
9.147302188972443,11,False
4.3509001213176095,4,False
6.346612274093403,7,False
3.7864796945309847,3,False
1.6606369554031097,0,False
7.671663921538458,5,False
7.328670689527921,7,False
8.116033312386646,8,False
2.2724775784631044,2,False
5.737724362112187,5,False
6.070907690268028,3,False
6.239784556687251,7,False
7.797301024185092,12,False
4.065416019934178,3,False
5.169194306109928,6,False
8.277102109820465,9,False
1.288745148556921,2,False
8.34826301856778,7,False
4.342998148546022,5,False
11.03149796750221,7,True
2.815015162722518,4,False
6.2585802891807845,5,False
4.878144287106849,6,False
2.4961936662314717,3,False
11.228286207649633,7,True
11.980771712423612,11,True
4.143799338007513,4,False
6.922737014692249,6,False
9.971955377766935,9,True
5.641911432305172,7,False
2.3108155858198707,4,False
5.712711573265881,6,False
8.999774797052353,8,False
8.25585426454406,7,False
9.222233023180287,10,False
10.168969062809044,7,True
4.843446902478354,4,False
5.9925286165036775,6,False
6.851412507950813,4,False
4.995624736700692,5,False
5.418958540981602,4,False
7.353160973752969,8,False
6.059821166721472,9,False
11.563816313954156,10,True
6.862266818637906,9,False
1.2891345051085903,2,False
9.084842045327836,7,False
6.232259457856543,6,False
6.207744343315931,6,False
8.052779143613588,9,False
8.691236468934221,11,False
8.319346604300558,7,False
1.2100133878134391,0,False
5.572930618189119,4,False
6.803033613337081,5,False
5.470022817066706,9,False
8.029566415036307,10,False
4.74354658574793,3,False
11.861473772509115,14,True
6.6964157638908155,6,False
4.937473311319502,4,False
7.1959024453345455,6,False
4.903226532111908,6,False
3.8783916282849846,4,False
3.545326778314102,2,False
7.795877573839929,9,False
9.86907219421084,11,True
8.359183104718518,10,False
8.756651978045467,7,False
2.4142946841009616,1,False
11.541307477338657,9,True
11.289228275204001,12,True
6.7558437406256155,8,False
5.073152290148643,4,False
5.101579722331957,6,False
7.863859665413959,8,False
7.4952466013119,5,False
8.930752563301205,8,False
5.7179994030298165,6,False
8.920416848132412,8,False
1.9314625404345351,3,False
7.1357927910339,9,False
6.884837896820361,7,False
7.810812922009091,7,False
6.832580530524177,6,False
5.140584873984231,4,False
9.99283134240125,11,True
4.215032909036814,4,False
4.8466407384157755,5,False
5.787784209978813,6,False
4.931819711276267,7,False
6.578048512062136,8,False
8.856082748585694,9,False
11.293057003885131,9,True
7.966796883035306,9,False
10.278990862112087,10,True
2.5931483291000568,3,False
1.0452395277355482,0,False
8.140831016362178,7,False
11.120955383329033,11,True
5.139203711474762,4,False
10.531468320094444,10,True
7.259531369838119,9,False
7.18501168614301,8,False
2.869516449089444,1,False
4.596134424831501,3,False
7.321415406275983,6,False
9.664021558197039,7,False
4.716306205694065,5,False
7.550818852915712,8,False
5.876887528762625,4,False
4.832982814572116,5,False
8.609395202141496,10,False
3.4904494348703725,3,False
5.648482001006202,5,False
5.646284549615708,3,False
2.1374223655700977,4,False
5.944951770153985,8,False
8.835002193639427,9,False
1.3016527541760627,1,False
8.23816286734094,8,False
4.716889736846822,5,False
5.426959552469787,4,False
6.795541576868564,8,False
3.6528414314369617,5,False
8.251098534987136,9,False
1.3740425558129683,1,False
8.96492614712753,8,False
5.284513419759166,6,False
6.04151319941603,4,False
7.637346764669003,8,False
4.406755832668123,5,False
9.008026466727026,9,False
6.332566364932015,11,False
2.6418542119709816,2,False
2.614530963957745,1,False
8.3889313247497,7,False
4.383668733124281,5,False
3.473050922141483,5,False
5.164880519384221,5,False
7.7124054659992565,10,False
8.812844570283954,6,False
4.973605360487206,7,False
1.4252958787665095,2,False
1.2544020719606257,2,False
8.070635824030475,10,False
3.938633148141232,4,False
6.78289785622515,8,False
5.2147006474310205,3,False
7.08314173742782,6,False
9.71657929449555,10,False
5.090571144591922,7,False
6.351346141344393,6,False
6.325755437156696,5,False
6.458748305306001,8,False
4.46152213832095,2,False
5.089132019254352,4,False
7.581594913196256,10,False
6.0838894378785175,4,False
7.465706304869188,9,False
7.506536464055085,8,False
7.002944126339701,7,False
8.731465221761042,10,False
8.155836004364984,8,False
4.162666563975375,5,False
10.276895442379324,10,True
3.9149268675130227,4,False
6.922663405857596,5,False
9.12258213056243,9,False
10.476259489612731,9,True
5.9478428694995005,6,False
6.850502575954212,10,False
3.0673951378560806,2,False
11.465420267236386,11,True
3.2611563101456404,6,False
10.986552828938967,11,True
9.732657871422155,13,False
7.239340624240414,9,False
4.0228164641473185,5,False
8.426193517655191,10,False
4.161036610826331,2,False
9.438731019313115,10,False
6.0695340896765,5,False
7.633644349428077,7,False
3.5127177052797265,4,False
7.697159853392906,7,False
3.507549025136686,4,False
1.2190712570991948,1,False
2.646230869101073,4,False
4.716998736046508,5,False
1.6907633050764748,1,False
6.630208481610177,6,False
7.491381734368977,6,False
11.761356763291705,8,True
5.235811048966774,6,False
5.323688729597141,6,False
3.6934656181326075,4,False
6.80207442586626,8,False
4.432406887973112,5,False
5.708705835472594,6,False
12.421768444833463,9,True
1.16973465977898,2,False
6.174168267891836,7,False
7.991090048027473,12,False
10.497923341155365,10,True
7.448721313504663,7,False
8.377924985989514,9,False
7.040800496796462,6,False
6.030346480618658,5,False
7.420155896168828,7,False
3.690095193359878,3,False
10.832602446084202,7,True
9.02906031143562,8,False
6.765220954424362,6,False
6.159913726231692,5,False
5.5584927148150145,7,False
6.610769729679017,10,False
5.014488657286402,6,False
5.392611643106415,3,False
6.151066669184592,5,False
6.714671685074216,8,False
5.145363068138419,6,False
10.446845797038065,12,True
5.422387904219932,5,False
2.882612724656449,2,False
4.200802240282773,5,False
8.419970207397157,9,False
9.734346001082073,8,False
7.238061492122358,8,False
9.704385245774255,12,False
8.163685051998185,9,False
5.112127354184825,5,False
8.366366779357769,7,False
8.72359811729069,8,False
6.1048787302287995,9,False
6.475121750324469,6,False
11.610213761940585,10,True
7.606194215841084,8,False
3.5314818412575484,4,False
6.20630549130665,3,False
7.144369797138341,5,False
3.4390792333304994,2,False
1.9420077161902496,1,False
1.4686464132311823,2,False
11.27013247194761,11,True
6.603981070916488,10,False
5.7993731418984025,8,False
9.434683195727507,7,False
8.275628587875929,9,False
8.411497965634963,9,False
7.328010358318404,6,False
8.918494956830667,8,False
2.3537745953110676,2,False
12.037171371684282,12,True
8.460999054495963,8,False
11.864188954636946,11,True
10.74204535224229,8,True
5.218617699478468,5,False
5.77713103018081,6,False
5.592927000565686,3,False
4.016541226526584,3,False
3.6940909136241986,3,False
10.857609321208775,15,True
3.269005758522971,2,False
9.787596138002053,12,False
9.93269206932671,13,True
7.6074536918002345,7,False
8.290167784257978,6,False
4.9169946651113206,3,False
2.3852786027265562,3,False
8.762287230579547,11,False
9.972460358267476,8,True
3.6981437062000535,5,False
8.187898750984884,14,False
3.7878592124647144,2,False
10.372567643456536,10,True
8.793303829612091,8,False
6.4411515256751235,6,False
2.7896988383660903,0,False
4.104709637512892,3,False
4.802024792921607,5,False
5.19232447863531,3,False
9.046203575949612,8,False
11.865045410242546,12,True
7.574644263350286,6,False
4.745743981774607,3,False
5.308227180725671,6,False
9.049762884761162,9,False
9.95814707266494,12,True
8.201091146722256,8,False
2.6531628797727462,4,False
1.7878286587533587,2,False
2.6019654244880392,4,False
4.306707884484172,7,False
6.45860748379172,7,False
7.432772804417852,7,False
7.810095369073368,5,False
9.730998935804442,12,False
9.591736632818101,6,False
3.635851935753048,1,False
8.966872164743767,9,False
7.972132881933787,10,False
4.200700340169893,4,False
12.465875625533641,17,True
5.358416433579736,6,False
8.992489035451282,12,False
3.060562685247377,2,False
4.330049095166811,5,False
6.9187487647682815,5,False
7.283554543418722,9,False
4.700917206010822,5,False
4.3870511380533,2,False
5.559195561467247,6,False
3.7438412929977716,2,False
5.242699850032411,8,False
4.251209133926523,5,False
5.807324955933333,4,False
3.6243014166539416,3,False
11.28734380548185,10,True
8.938990290050317,7,False
8.375481404060324,12,False
4.762820816519605,7,False
3.579719872366648,3,False
6.328819534475625,8,False
3.4964147640442538,3,False
9.342481551735467,11,False
3.176972473564386,4,False
2.930720562189886,4,False
6.53760250189861,7,False
4.401412306122369,5,False
1.6859529749612756,1,False
3.4787516458744303,1,False
4.991512527085693,5,False
4.282130919782252,3,False
4.511806410143733,5,False
6.152925616091831,9,False
1.7516525972811108,1,False
4.104376984726342,5,False
3.4678263745400546,3,False
2.9455718797086057,2,False
7.281859351103839,9,False
2.6599127466967936,3,False
1.5433042252882485,1,False
5.599402759029216,4,False
5.403984073921851,8,False
5.360956000169298,5,False
6.383828435888654,7,False
12.146296201836485,14,True
1.053199641422891,2,False
5.955948341475738,3,False
9.194822027143495,11,False
4.600209002549249,5,False
4.450108389322822,5,False
8.06768550949174,6,False
6.431362865594765,7,False
5.794187786072966,7,False
5.080721187391047,2,False
7.188263716566943,6,False
1.2498719215208318,2,False
6.367475292941051,9,False
6.784053045653061,9,False
5.487834034001439,8,False
1.8965116002207045,3,False
5.26193782886287,7,False
5.595903037982906,3,False
5.715718907719817,4,False
5.106431825736647,7,False
10.990571822203457,13,True
6.235829787969537,6,False
9.611897087064015,12,False
4.484273146819824,5,False
3.3050882234260928,3,False
6.33063794055366,6,False
1.668362020903773,1,False
6.385733985590747,5,False
10.02120363620272,12,True
5.546224042157346,6,False
8.08757381760098,10,False
2.0231023266045147,2,False
8.241591054327067,10,False
1.0913954319011445,2,False
7.245305886672388,7,False
5.768737940671347,6,False
11.956291513731713,13,True
6.169871636029853,7,False
2.1391176555110416,2,False
2.1390008892840786,2,False
4.862091031732023,5,False
4.327767612744905,5,False
2.63789408922207,4,False
1.5250500762047787,0,False
4.3860122694360175,3,False
8.228867797772272,8,False
1.763740543711699,2,False
4.77920240882641,6,False
7.623023338661144,4,False
2.441804557799882,3,False
8.44828558294832,11,False
5.123705289588353,4,False
2.2577705608671863,1,False
8.267831660833208,7,False
9.016789029630115,11,False
6.430038622455043,4,False
4.616165707822564,6,False
6.944234979719672,5,False
8.6466094681359,8,False
1.3470798471293497,2,False
8.126919971237484,12,False
5.138735847885988,6,False
7.253094412678578,10,False
1.063204668780572,1,False
7.856251371091137,9,False
10.406413371120664,7,True
4.805225175619863,7,False
8.801044188146921,6,False
9.360394420039242,10,False
11.417186097266685,10,True
3.1922644475127164,3,False
9.288436239665774,6,False
2.923737460874247,3,False
5.303200888831399,5,False
5.278401998188944,7,False
5.20008164335502,6,False
7.6635900023303885,5,False
1.2927231590462176,0,False
1.0778977348845027,1,False
2.4780392992126448,1,False
7.185216730245545,5,False
8.450538168265334,7,False
6.62243866936819,5,False
7.254751688805738,5,False
5.540778880083828,4,False
7.989348611689105,7,False
3.3716729397398195,2,False
10.399658850199973,11,True
3.40360642846833,1,False
1.8357710273762677,3,False
4.733445257142913,5,False
4.376769661604051,4,False
7.641006918863719,8,False
7.136312925643481,10,False
10.240243945113466,11,True
1.5006297419222854,1,False
1.000793512755969,0,False
5.898235614025456,6,False
9.195041186337843,8,False
4.432685352563,6,False
7.072876773463984,7,False
2.596868252010548,2,False
9.272181633152384,11,False
7.7113696437511186,6,False
7.884272938052357,7,False
3.2127220146573867,3,False
9.207918256434949,8,False
9.864528293892866,12,True
8.437698349305235,5,False
4.342964611871225,5,False
6.61885429089898,9,False
2.2875820943616656,3,False
9.6635981241719,8,False
6.34854032179691,5,False
9.932613846282257,9,True
7.833301952088062,7,False
7.745780203307171,6,False
6.4518952829261815,7,False
7.491888487144943,10,False
7.639387899350181,9,False
7.591656873762842,8,False
1.3379565155673552,2,False
8.011139057955956,9,False
4.576557761210605,5,False
12.343870652581874,14,True
4.590399966090782,6,False
8.50325893717087,10,False
6.510616630984088,6,False
2.823519317606033,1,False
7.572392564276943,9,False
7.342200268478753,11,False
10.150995443740847,10,True
6.883684570994181,6,False
7.231190570523368,8,False
5.280140561013645,7,False
2.3708239881389757,2,False
5.906549984432201,9,False
10.028828529838206,10,True
9.594926367134587,6,False
4.8122969639691515,6,False
7.026778180247055,6,False
7.386476521805504,10,False
4.7762391958786825,6,False
3.4937216264227495,3,False
6.398900744563543,6,False
2.402747258673485,2,False
5.937753427761233,6,False
10.771613665354947,10,True
2.799944984912155,4,False
7.47613292149236,8,False
7.7149972906642645,7,False
1.0343710418935483,2,False
5.4249156562788565,5,False
9.58790070979025,10,False
2.1590168972153228,1,False
7.834857577184833,7,False
6.57813312040772,8,False
7.5609260225173704,5,False
7.0626376368648796,10,False
9.98482215524713,6,True
4.209949236034546,5,False
8.264204093343015,7,False
5.91165826514707,7,False
8.324756929232308,6,False
9.546624086571907,13,False
4.187610084637902,3,False
4.9844763781443255,4,False
6.949993536532142,7,False
6.620034316411782,6,False
8.897172754953374,11,False
5.76615522188058,3,False
4.570159840223241,4,False
7.956901362703482,11,False
7.018473585094797,9,False
8.228862457859211,9,False
1.7934274096145986,0,False
7.604394843832937,9,False
6.338862442469259,7,False
6.698648993139297,5,False
6.34061264837243,6,False
11.050640296397727,12,True
4.5021770294767,3,False
4.601899973902275,5,False
11.846113969971949,10,True
7.9590388570363055,11,False
5.123192484537116,7,False
7.473545862140493,6,False
1.5175501240089098,1,False
4.017003181466414,5,False
6.76072409266711,11,False
4.702627338513745,6,False
5.635869639096121,5,False
3.185829684306484,4,False
8.836730596105374,6,False
1.5867512317332944,1,False
3.077863508309993,1,False
8.274317083198197,8,False
7.188636360617752,7,False
8.383564529074306,7,False
6.372526579238821,4,False
9.510083244832085,8,False
1.9658380302886895,3,False
9.057847755759894,10,False
3.474235732874212,3,False
6.516834713891341,6,False
1.9990393615269832,1,False
2.0660476427717844,1,False
1.7834909431385189,2,False
5.7846865873599445,3,False
6.935520570862472,7,False
5.31086607641482,8,False
9.578020266299742,8,False
1.7578711924019101,2,False
4.956816223282861,5,False
4.237823529061501,4,False
8.006716421130541,8,False
6.341378142736131,8,False
8.153502845397238,8,False
8.038242266382365,9,False
5.098343460327309,6,False
4.997554296256889,6,False
5.970554852836082,6,False
7.857904550007126,8,False
7.878416037059464,7,False
1.2413245091381482,0,False
11.481415583594417,12,True
3.138519907944781,4,False
4.36931967445734,7,False
11.4615227724939,11,True
11.852100590388533,14,True
1.3014295896553048,1,False
6.95393355236414,8,False
8.310978331535228,10,False
8.297602757154621,9,False
9.698022566396364,10,False
7.180990006311599,6,False
2.277934649486533,1,False
4.81267809996489,7,False
11.05139009435367,10,True
9.137444201991133,7,False
8.880534756670656,8,False
10.72341199834883,9,True
3.2528483007255966,3,False
5.683184608350229,6,False
8.338002927774868,10,False
7.520425282678819,11,False
5.290762303022781,7,False
7.198930652199966,7,False
2.183068124003274,3,False
9.776652491619751,7,False
2.9357384087501073,3,False
2.0583047859146957,3,False
7.646174766941377,11,False
3.060821447919473,4,False
8.012824375417557,7,False
5.626927130289175,5,False
2.670066617912121,4,False
4.611246543777077,3,False
11.208185587891577,10,True
1.0749239746814299,1,False
1.7023602094376145,2,False
7.1637644855525275,8,False
8.177839916438309,10,False
7.40628035084416,8,False
4.657329620656347,4,False
3.3076957631585513,4,False
5.461576818284236,6,False
5.086591520640484,5,False
4.416405269877531,7,False
4.576308401511131,3,False
7.4125782258643556,7,False
2.645743487302264,3,False
8.129260627354558,8,False
6.48970450305609,8,False
5.474943950524597,5,False
5.020327767766002,4,False
1.251084474924979,1,False
6.231664474546392,7,False
1.7736673786812842,1,False
8.643744941209107,10,False
5.380459665136308,5,False
7.647943339739851,8,False
8.628632838063343,6,False
1.1399997532520594,2,False
9.440727482310809,10,False
8.614162309420692,9,False
5.540531537578168,6,False
1.5336231229853086,2,False
8.19433197576345,11,False
4.782419635939978,6,False
1.2298782246022357,1,False
11.683303389722894,10,True
4.59967290649902,5,False
5.219163934087942,4,False
10.133026052650383,12,True
6.726502817077936,8,False
7.851436400670286,10,False
3.7621242654520612,4,False
4.326324386976413,4,False
8.590973908573156,8,False
5.947997245832883,5,False
8.470757168773652,8,False
10.783254110528468,7,True
8.988833311488513,10,False
6.835033567739748,7,False
6.941355118148339,5,False
3.9570775224502723,3,False
7.077213855081753,6,False
2.1906665234094884,1,False
9.682026126737174,7,False
2.8177838699988245,4,False
1.4020375558002218,3,False
1.8712588970002733,1,False
6.36845867711902,6,False
9.641425380729753,10,False
12.461515985395476,18,True
5.307173188740091,5,False
11.007146684550332,17,True
4.118148610552652,6,False
8.474915355236448,7,False
3.6555628231880313,4,False
8.69590196519635,10,False
6.801817677882784,10,False
11.376114652004029,11,True
2.8224735964289747,3,False
1.4353853908575696,1,False
7.420787905441255,11,False
7.854176070127276,8,False
11.997509719886114,12,True
9.428479268219395,9,False
1.3173434415495189,2,False
4.385903892374479,4,False
5.9025713456991795,7,False
6.718558862170925,7,False
12.587001585340836,11,True
2.1632778716527143,3,False
7.316600334009517,7,False
7.7189447335279535,8,False
6.274459198943691,7,False
9.46369702002864,10,False
6.565637948451936,6,False
2.931841297550159,3,False
1.3450586794202923,3,False
6.217753682059595,8,False
3.5590814613416084,3,False
4.323704126025942,5,False
5.4269570537943554,8,False
4.234366718825938,5,False
3.12527791336614,3,False
4.516456001836108,3,False
5.412152945568655,8,False
7.303799500896428,6,False
7.121299817134279,7,False
8.353367114370945,8,False
5.19826525954603,4,False
3.081567803906777,6,False
4.6604767627316495,5,False
2.976714915186607,2,False
6.802188569545353,6,False
10.39795694612033,9,True
4.338873675318085,6,False
11.912587877518321,13,True
2.8363562026900535,5,False
4.9386664524573884,8,False
2.7239958947488567,3,False
6.273788922101335,6,False
2.888677845102049,4,False
8.521393078080443,6,False
10.148425771648181,10,True
6.986642189538926,9,False
7.958403094745095,8,False
6.604030064250894,8,False
3.4128038711975304,2,False
4.696513723956082,5,False
6.655881564624917,4,False
6.76111320158329,6,False
2.616502291103739,3,False
6.401314757668629,5,False
3.514924313978847,2,False
6.717567163444326,7,False
9.768059964878214,11,False
3.450869526464608,2,False
6.578702223216707,6,False
3.471344625211123,3,False
8.240934008407212,8,False
5.469170243381145,4,False
8.092693663664386,8,False
2.457026401352697,1,False
3.1956566793266177,4,False
5.870136457246684,7,False
12.487985247205234,13,True
5.332480660690834,5,False
1.2959486892417846,2,False
6.84258703536009,6,False
8.949804187397628,6,False
7.551971699630785,7,False
9.727380235798286,12,False
4.319546653624956,5,False
2.1137423373143562,2,False
6.769970839089719,5,False
5.745458979313307,8,False
5.535121000717073,6,False
11.064487357657816,9,True
5.513947813751191,4,False
8.164406129395536,14,False
2.3975123779561898,4,False
3.4521997319322106,4,False
11.746463867192553,14,True
5.14711531511525,6,False
7.177703617804515,7,False
5.048471170400143,5,False
1.2937346541495076,0,False
7.249042374771985,9,False
6.039542805879309,9,False
8.888784685315,7,False
3.6450069212927034,5,False
7.1266969669476685,7,False
6.54818312563482,6,False
7.6566264969484426,10,False
11.341387855138802,9,True
5.559917717584476,6,False
8.008197561405462,5,False
10.952912458747061,10,True
7.533881802220127,10,False
5.545798365289734,8,False
9.444368533584957,6,False
1.5959271003831574,1,False
5.19701235496616,6,False
11.404106686592081,15,True
4.5070326893737445,4,False
2.6414492518523955,2,False
2.398786603761737,2,False
6.660060968966105,6,False
1.6554929946825458,2,False
2.977859656620168,3,False
6.172908340364172,9,False
6.873143296155497,7,False
7.3819319149251985,12,False
1.140716062612591,1,False
5.721900968793252,4,False
6.970851286611278,9,False
3.446584587334998,5,False
6.392055980487572,7,False
2.8813024592619105,5,False
6.776010532979024,6,False
4.162380354815708,4,False
3.675224650175485,5,False
2.042559370584182,1,False
5.000037348581429,7,False
3.3004117915465656,4,False
3.0094412714201564,3,False
3.356516939357774,3,False
4.757919023223454,6,False
5.946320705114703,8,False
9.963358949921119,7,True
7.729078413021889,6,False
3.4944225278117313,4,False
2.720935962162584,2,False
6.029362700105929,7,False
7.958439847875699,8,False
10.763373559188636,8,True
3.879941946474585,3,False
8.029632213435029,11,False
2.9199434546630663,4,False
7.3954785859106815,7,False
2.8390605485649227,3,False
1.5907511161171257,2,False
7.116674372181446,8,False
4.465585631015965,7,False
7.628576585848339,8,False
7.7491141119482645,9,False
7.459741372485931,12,False
5.782490943676912,3,False
6.808893133084964,6,False
7.969997416585038,7,False
5.023503961110693,7,False
8.093877681014217,5,False
4.673062475475595,6,False
8.232259615181688,8,False
7.162354219072855,9,False
7.708708230288498,9,False
3.859567314893655,2,False
2.097419876626888,2,False
8.289838851555286,8,False
5.840562177100494,5,False
6.7156140007641465,4,False
7.026401675674513,10,False
8.8875655045478,11,False
4.362950197225814,1,False
6.908783822551951,6,False
7.7833575952640945,8,False
7.026901049256315,7,False
3.700064402868735,2,False
8.379959177794593,8,False
6.997356128618642,6,False
5.467278403104746,6,False
11.45319851652705,13,True
4.094538523015407,2,False
9.300634535752014,11,False
6.551727704338177,5,False
6.569988308303078,7,False
6.922747168650509,5,False
2.2261108201748607,4,False
5.599885827746052,6,False
3.1797277196791285,4,False
8.793347362691415,9,False
7.663552952918175,6,False
3.312201123146723,5,False
8.374013712217442,4,False
3.2187898479415447,3,False
9.645012936253895,11,False
1.3122916311067332,1,False
9.512619657321366,8,False
6.6664440230908495,7,False
10.716355269189194,10,True
1.4674169393533907,2,False
4.588479878308809,4,False
1.7591535022417855,1,False
4.897427310876525,6,False
5.069478819996743,5,False
9.330371874602903,9,False
2.689836810203161,3,False
8.918695843315446,11,False
4.4126958867205115,3,False
6.45871180052628,7,False
5.359988601077626,6,False
7.998191380429946,10,False
6.214723070374194,7,False
5.436788984220676,4,False
5.8371192835107895,5,False
12.468493554419574,15,True
3.5014912763760986,4,False
11.456980515262659,10,True
7.383674647215098,6,False
7.259991485482218,8,False
3.1809776790108195,2,False
2.793092898857357,4,False
6.655036246463172,8,False
8.162362128940066,7,False
9.048891054706742,9,False
3.434049597128767,3,False
2.2885049173573444,1,False
6.014669875291576,7,False
6.650497987230689,3,False
8.094651769684205,6,False
9.307590519465677,9,False
2.4193596452956845,2,False
7.660115698063658,7,False
5.402073465467599,4,False
7.844582298711285,8,False
7.114780868201896,10,False
8.875496291235464,7,False
7.353771846562351,7,False
2.2822518247980668,3,False
7.700058010509094,6,False
3.3449943129146074,5,False
6.319022417002249,7,False
6.8894159015212555,8,False
3.2343413679422746,2,False
8.134913556637148,6,False
4.60700326699308,3,False
9.111106038526636,8,False
7.871564563715402,5,False
9.472421012800083,11,False
1.0661644594648134,1,False
7.42687469707239,6,False
2.476744389522362,3,False
10.33520698367586,11,True
9.279795003573234,8,False
2.904079598953163,2,False
2.6067215214009796,3,False
2.9906741414938276,4,False
9.592484315693767,10,False
6.950058294153983,10,False
7.600023411649253,8,False
2.7515043628399853,3,False
1.8898898918914764,2,False
7.213960319792136,9,False
6.87304021591997,5,False
8.214493573556583,9,False
5.507017708662031,6,False
6.728554450685081,4,False
8.399362471876577,6,False
9.292188261391885,9,False
5.325382994293305,4,False
7.156317149495887,8,False
10.747149766717953,8,True
3.1044330272336653,3,False
1.4471990440778333,3,False
7.1430807443170306,8,False
4.464708495693297,3,False
8.011232474588324,5,False
1.1567164857964585,2,False
3.712564237422931,6,False
7.538537621700461,6,False
2.7225042703982023,4,False
5.855294969685795,10,False
7.585001195645122,9,False
8.73496465023958,10,False
12.677269622994384,14,True
11.354920084599684,12,True
7.537905346266245,7,False
6.76492586713896,9,False
4.770678158926056,5,False
5.819332107333105,6,False
6.405490937926432,9,False
6.846051204772102,6,False
7.050578230077238,5,False
2.924393475750359,1,False
6.091836017170989,7,False
9.693829667042568,12,False
6.732693490446006,4,False
3.8582886623054837,4,False
2.503633854878803,2,False
7.191605084483702,7,False
6.7202993746689685,8,False
11.400417284536625,9,True
9.437266084009572,14,False
11.847524897509405,12,True
1.6711702450175325,3,False
4.98322851675029,5,False
7.711338380199473,7,False
9.499755044456233,5,False
5.550345860120489,4,False
4.299791347609993,4,False
4.722471491151836,4,False
1.8942577260578242,1,False
8.301322235589744,12,False
5.770478940149906,3,False
9.573662884170552,11,False
10.351311898765676,10,True
3.586021145380709,3,False
2.1520410302618913,2,False
2.639764922390829,4,False
3.3754780444603383,2,False
5.787847564322973,8,False
6.249393442301102,7,False
9.00353037184502,8,False
9.646069510293211,14,False
4.888183477357531,5,False
4.3441686115168,5,False
2.97852008741616,3,False
8.693422330358572,10,False
9.449263112035696,13,False
6.246588029070319,7,False
7.525904555470463,8,False
4.575705287714521,5,False
2.666293734901595,2,False
7.3362194172039175,5,False
5.069849608049873,3,False
7.978525454446821,5,False
7.125624020964602,6,False
7.020752884466509,6,False
8.21461644080228,12,False
3.8405758844685915,4,False
8.674853590077088,9,False
3.3355254249101716,2,False
3.446668260399702,3,False
4.649602865077894,2,False
5.442512781207347,7,False
2.3250582373353126,1,False
5.399272761743619,6,False
7.610331036488477,8,False
2.762656812677398,3,False
7.196235188391011,6,False
6.4528265225557755,8,False
7.966456986068808,7,False
5.890001799737499,5,False
6.060760047900471,9,False
5.139967940188624,2,False
8.236829775530108,7,False
9.457338199007225,11,False
5.092731641098828,5,False
7.9755934143710405,6,False
7.987094500690645,6,False
5.618951918800186,5,False
8.16074536585326,9,False
7.628430275994373,10,False
7.217552468561508,8,False
8.021165875915951,7,False
8.4102441996644,10,False
1.7955959278863443,2,False
6.425827772405208,7,False
5.575934903050296,4,False
9.924063048220903,10,True
3.527892188359761,3,False
5.91837709744267,7,False
8.113052791756196,6,False
7.205560525065259,4,False
5.936705487059198,4,False
7.1025941227294735,9,False
7.507569544219392,8,False
9.632978723257917,8,False
5.96471750292909,7,False
3.7962426493560524,3,False
10.112053422190346,11,True
10.445085868324252,6,True
2.025938764128859,2,False
11.443453302672253,12,True
6.720801203522152,7,False
5.241912615301672,3,False
10.94823108256159,10,True
6.228580550019319,4,False
11.322520072885762,8,True
1.3061013957867056,2,False
3.109276981893747,4,False
8.998401578350546,10,False
8.156492739131412,11,False
6.440398017047777,7,False
1.6807764407541068,2,False
12.26832210362548,13,True
9.090052674117608,10,False
2.999816833699808,2,False
7.488443456790023,7,False
4.820246546923286,3,False
3.215701527090224,2,False
5.684270033560431,5,False
5.6409793011449585,6,False
4.218365440632191,4,False
11.34198015562651,9,True
1.523486121573935,1,False
7.712499875413248,7,False
8.373336174100306,10,False
10.266424039705,16,True
3.4236223646454245,3,False
6.590017640519099,7,False
8.609223759743182,6,False
2.0325933598123624,4,False
2.9840668647021396,2,False
1.317272123206494,2,False
6.940610988105198,5,False
0.9214311987435,2,False
10.130218451042913,7,True
5.447056843422111,3,False
6.916364734423754,8,False
5.3466688388814365,3,False
11.659589551134076,10,True
7.155575453552255,9,False
5.974597154409356,7,False
6.231384895764865,6,False
7.541398038611052,6,False
3.109954470183566,4,False
6.074649098883555,4,False
2.4250342480986466,4,False
7.48542423946749,5,False
8.190207889577623,11,False
6.921324482070519,6,False
4.1697615583324605,3,False
5.973431614140781,6,False
3.6373780914088374,3,False
5.744073100347428,6,False
7.695868178911627,5,False
2.820819191892168,4,False
7.863539438284248,9,False
4.540989383555614,6,False
8.416158275945293,7,False
4.876662153976824,7,False
3.6163931371514115,4,False
8.10729924324876,6,False
8.783069312279816,10,False
7.424592467058947,7,False
7.2379609415477235,8,False
1.6717461674297915,2,False
12.301048211432075,14,True
10.340447012648687,12,True
4.763301206469144,5,False
6.991405796259494,5,False
8.444843640370696,6,False
7.136873702389226,7,False
3.8442764725423273,3,False
6.624453021714883,5,False
11.928728983243497,11,True
6.575734507011502,8,False
10.25813488357122,11,True
8.000174099237253,10,False
4.368487532848761,4,False
6.69490109210618,6,False
4.8110712421421775,4,False
4.5613527776839895,4,False
3.31801302480722,5,False
9.801084408255408,14,False
7.398253159538909,8,False
3.9525351541045466,6,False
7.1965727474410235,5,False
5.689903312808335,6,False
6.0717643953639255,5,False
4.063132520574904,6,False
6.128178458762452,3,False
7.059137879537173,6,False
5.247388135707286,7,False
10.11595470107653,11,True
5.3345036132442685,5,False
5.671043968008707,5,False
6.3195599041928645,6,False
6.762783590447035,11,False
5.976500507748979,5,False
6.322223762936357,6,False
2.792824120004144,3,False
8.852331368380245,8,False
9.256660016347862,10,False
7.782224152099036,5,False
5.663219067847779,4,False
10.28943911049479,10,True
3.882381413019752,4,False
7.579806659093064,7,False
10.598081132051389,14,True
2.2042408124393136,2,False
5.658390282497713,4,False
2.758904170963614,4,False
8.263211285934037,6,False
8.739219702106668,10,False
9.696749251248074,9,False
2.05556244514547,1,False
9.200694592591779,10,False
7.641253782114557,6,False
6.72098940363608,7,False
7.463204782578922,7,False
5.769614326266826,7,False
2.158568003939388,2,False
7.224578993612436,8,False
6.637015818371435,4,False
11.659339694603464,7,True
8.204177669991719,9,False
6.707415257050697,8,False
3.0197852952562023,4,False
7.385641352519744,7,False
5.0287068880245,6,False
8.02958565154558,7,False
8.069512448673315,10,False
8.530901135827811,9,False
11.27325441270078,12,True
7.5740948748282975,9,False
5.9949615119617565,5,False
8.615966157630659,13,False
3.483724995952334,3,False
8.331351620241584,9,False
5.610808577281464,4,False
7.734304448166644,5,False
2.426080020496493,3,False
7.818722137055169,10,False
3.6175914502441167,5,False
4.076046041486659,3,False
10.613891009628386,14,True
6.198781299606662,6,False
1.882456739295363,1,False
6.334820473284982,5,False
2.9455764622056857,2,False
6.318350588103337,4,False
4.537445864830193,3,False
5.023650963441424,7,False
4.691687529661488,4,False
8.271204672645208,7,False
4.272678661126614,6,False
5.171294567554328,5,False
5.971232913143358,8,False
6.124837234237658,8,False
10.397984061173553,12,True
9.832611725585375,10,False
6.484639262862894,4,False
5.828818791580719,5,False
6.790022631584751,9,False
8.077948152350327,10,False
8.013609104864543,9,False
6.5714770647218375,9,False
9.934985544417216,11,True
10.361353013557359,9,True
3.512560884539722,4,False
9.502861435495742,8,False
7.1918140717893335,7,False
6.9575750080073275,6,False
7.198712671527237,6,False
3.851302402501432,5,False
5.480216337315286,8,False
3.108712835576884,3,False
5.910294260219471,6,False
3.1547783109857264,4,False
5.756779365918666,5,False
5.753600345748386,6,False
9.4027778118153,8,False
6.4082885198277975,7,False
6.525071353709602,7,False
5.483612540440513,3,False
1.1206231982715247,0,False
8.922095036305954,11,False
10.149654949176256,6,True
11.336449420657125,8,True
7.434198678219822,9,False
9.125014004964008,8,False
6.401350448123801,6,False
5.795793295986918,3,False
8.112706663379548,5,False
8.396397275291115,7,False
6.253433007310511,7,False
1.7156261068102339,0,False
3.243037289337245,3,False
2.245965275776104,2,False
1.8485689316900338,1,False
5.240953247598049,7,False
7.6463764776293655,7,False
6.679054859436702,4,False
7.700598827082667,10,False
3.373546775812511,3,False
11.507991381828433,13,True
2.3908089231441156,3,False
9.296103794180498,9,False
5.964475230536417,4,False
8.021592163680985,8,False
8.448913538067806,5,False
2.93118907937313,2,False
8.822434967427029,9,False
1.8624012894848558,2,False
6.408576268966023,4,False
3.5908127281551505,3,False
5.053217142007393,6,False
8.154436057892589,6,False
1.4794481652251639,2,False
8.850085003534655,9,False
11.992991992708312,9,True
4.092564654497371,6,False
9.368510402927942,9,False
1.1024625610713752,2,False
3.0702383265126096,3,False
4.704439006870384,5,False
8.159078277968028,9,False
9.593415172563786,11,False
7.8347495010009505,6,False
6.680438332388878,4,False
7.542783543248018,5,False
7.305521513624116,6,False
5.60495560798737,5,False
7.003974636175077,4,False
7.990567196875261,8,False
9.576359252914994,13,False
7.468912392067436,6,False
10.463847774067279,10,True
2.5819289539056793,1,False
11.746217637112427,10,True
8.33763340032182,11,False
8.25268516271548,9,False
5.793988895864812,8,False
7.47044820408183,9,False
7.0930139931546785,9,False
5.786022069473102,6,False
11.858341493949814,11,True
7.279382072346589,7,False
5.604697197079533,6,False
9.504044360133628,13,False
8.420198472310577,5,False
5.793124231052472,5,False
6.93893377612943,5,False
6.440826375984391,4,False
12.571015132339499,8,True
5.891536722155227,8,False
5.5578365720205065,7,False
10.432089978088419,8,True
5.184016214943279,6,False
2.0204412388328485,3,False
11.337485739275992,10,True
10.814011675686888,10,True
8.406871710829993,8,False
2.908414249260214,3,False
1.9457860433802852,1,False
4.767940118217112,3,False
9.571331750111149,9,False
6.239827849352293,5,False
8.380511969848406,11,False
6.220627319090771,5,False
5.7402424405423975,5,False
9.223552712295339,11,False
2.9529437186729828,4,False
5.339808579727792,2,False
3.5355625084679074,5,False
7.814360566884308,7,False
8.898628850118044,8,False
8.581285806570115,7,False
8.149523555713703,11,False
11.467428225939969,15,True
1.238973708624762,2,False
2.975335882393513,3,False
7.2431125350424175,6,False
7.533816145484037,8,False
3.031630336195164,3,False
4.330804966014144,4,False
6.414150228250013,8,False
9.002343750724837,12,False
5.050782322711624,6,False
7.978747279222911,10,False
7.021279002097663,10,False
3.9640519658543822,4,False
1.0298777668722305,0,False
5.241558002804785,5,False
3.1994223055669595,2,False
4.247687691368948,4,False
3.419758886138849,4,False
8.886318570414964,9,False
7.480989977549665,9,False
7.089875540948753,7,False
6.526472803598034,7,False
5.581890846782087,6,False
5.475296984795807,6,False
3.85635958869065,5,False
5.291800361576999,4,False
11.082420941306612,12,True
4.176703474920052,4,False
3.6039578402920744,4,False
1.876724968863825,3,False
1.979676854572113,3,False
4.290019776778369,5,False
10.168731175594342,7,True
9.570318369635368,9,False
11.213660286475507,9,True
6.606153414653086,6,False
3.0404471751763413,4,False
4.537666351729888,4,False
8.25349873445821,9,False
10.382608907934385,11,True
5.307501463677519,3,False
2.9980431154174982,2,False
6.119030628469059,7,False
8.437483109603129,10,False
12.529658590469706,9,True
2.985821268044443,1,False
4.4738003263015464,4,False
5.2051857378900745,7,False
6.27686645486866,4,False
9.253600788204961,12,False
4.0381515078387125,5,False
2.6101067311183748,3,False
7.095132350260443,6,False
11.16956371393125,12,True
2.4263868617780506,3,False
2.8690991486617134,5,False
4.444346299540305,7,False
11.170803090711727,12,True
8.481782221082373,6,False
4.425102429417651,4,False
1.298418058264871,0,False
2.619442298365004,2,False
8.515177748349233,8,False
5.604597442406946,6,False
5.5907556532545835,5,False
6.0791600498240195,6,False
8.637157122172903,12,False
7.904440058628493,6,False
3.3404126324432326,3,False
5.703597093330632,6,False
5.5860454561527515,6,False
4.660104816887764,5,False
5.188979794844414,3,False
7.325673281581842,9,False
4.668422499298483,3,False
2.3464879174097284,3,False
7.261324358019268,6,False
5.888331573425898,6,False
7.9790787954117075,7,False
4.209794601700356,4,False
8.279717597140651,13,False
9.24442875686547,10,False
2.1960004357057565,2,False
4.304864586352412,4,False
7.5417927995667515,8,False
5.966570165208096,8,False
5.961276053801419,6,False
1.0035980272398959,0,False
6.755699449196254,5,False
3.0848176508941405,2,False
2.9258587923789094,2,False
9.388937046504992,11,False
8.483572455754217,6,False
4.687116195547947,3,False
9.894452248270763,11,True
3.6570453853453886,6,False
7.982724132173722,8,False
4.475837432273612,5,False
1.2127556480538155,0,False
5.618430600390882,6,False
5.923005811033276,7,False
5.250190419580256,7,False
3.807405068015605,1,False
6.6210532678834495,5,False
4.041897222611869,5,False
3.375926414714865,2,False
9.088023946650523,9,False
6.877458700721618,4,False
2.3109389053072684,3,False
4.317355341080624,3,False
5.107686830461884,7,False
6.7362393462546315,6,False
3.6128789417748544,3,False
4.294278697993759,3,False
8.316734586003278,11,False
6.201512434205022,5,False
7.081619649573304,7,False
6.2254187345690255,7,False
7.572599351001362,6,False
9.191808113925754,7,False
6.404808689348091,7,False
9.669326160584465,11,False
9.844433912359296,12,False
9.806622569567068,7,False
6.417448559714603,6,False
7.492789113273552,10,False
10.183517687785116,6,True
2.3942075810047765,2,False
8.156655980873646,7,False
3.208059249499943,1,False
5.385870947917854,5,False
1.945838691360401,2,False
9.828964352792678,11,False
11.333908760118874,11,True
11.636746496866229,10,True
6.5760061234668346,7,False
1.0543597519874686,0,False
4.890198198139207,7,False
10.121389371500634,9,True
2.746089026617004,4,False
8.587663329775463,9,False
10.134785560709743,11,True
5.985744067842102,4,False
1.2740045740531603,0,False
5.490645545404216,4,False
2.358473143066572,3,False
6.776268151909805,9,False
7.228884904846458,8,False
2.9429485250131613,2,False
2.801333386035261,1,False
3.7738700332922592,3,False
4.805885989131619,7,False
6.9782242534591825,6,False
3.699458360161022,5,False
7.914432382136289,4,False
11.389431072539896,11,True
5.492841822488657,6,False
4.304210069738528,5,False
5.2075890839864165,6,False
4.30475794223128,4,False
6.989170499713942,7,False
7.370816105624762,10,False
6.8233513219995,5,False
7.897555729230153,8,False
5.03599615142444,4,False
7.26095510999818,8,False
11.740027246604127,10,True
5.503676539719653,6,False
3.3004252486097543,4,False
3.402342179169552,4,False
9.429511011758205,9,False
4.563893385912788,6,False
5.702303512045604,4,False
10.215181284993214,7,True
7.619601828863452,8,False
2.7909881231743894,4,False
6.618744590069102,7,False
7.563243545502964,8,False
6.107751504994943,6,False
6.791695598543958,4,False
8.86497763560289,8,False
1.7786122828695214,0,False
2.75884900975462,3,False
4.745978008932433,4,False
1.2511300374368934,0,False
6.6430347855426986,8,False
2.0633683071827136,1,False
4.400920135715081,3,False
7.320040438428492,7,False
10.97019552753262,8,True
6.046875855665922,6,False
5.766624168044771,3,False
1.2478750200121524,2,False
6.5678720456588,6,False
2.3444715665351206,3,False
12.03539014811432,9,True
7.100970563308692,9,False
9.718760525554252,6,False
6.267617347748391,5,False
1.4003274694958074,0,False
3.589045328737935,4,False
4.743004441032449,2,False
9.8669582996244,13,True
8.183973428885377,6,False
3.1377588362540694,3,False
5.441408254606944,7,False
2.521499683791605,3,False
8.32570929839163,12,False
6.39789795365753,5,False
8.302205183914015,9,False
4.864439879097607,7,False
7.74289571228149,9,False
11.060722137096182,9,True
8.904772741721047,10,False
2.380208310804715,3,False
5.417331749263416,4,False
10.64063813293316,12,True
5.300556093662931,7,False
7.282161573587293,6,False
11.803666856211919,14,True
11.260621060482055,14,True
9.513312164338428,10,False
4.965265740550905,3,False
3.2722264260176295,3,False
7.3589253456611425,5,False
6.987275691349323,8,False
3.914796171802265,5,False
7.898946910607858,5,False
9.818239285318594,11,False
4.747345108395503,6,False
6.394287625096685,7,False
9.884704405924383,6,True
4.630044112800299,5,False
5.188554085195731,8,False
10.422820264152678,14,True
3.99299230560342,4,False
9.386795626194882,11,False
4.231241904959063,3,False
6.386034871963182,6,False
1.7639572152143899,3,False
2.4313801409784705,4,False
5.992688491405455,7,False
7.438125869766424,6,False
5.491298167881348,3,False
2.2809864496510004,2,False
9.146344164297103,8,False
5.5398664050007,8,False
7.868113493309036,9,False
5.979114459140182,4,False
7.857033152151212,10,False
7.997181789902772,9,False
8.131097438366053,9,False
3.0967655755678294,1,False
5.009267782887797,4,False
2.8613246028544577,4,False
6.577561556192553,6,False
12.273461004337625,13,True
4.2274845970856125,7,False
1.3397613444537049,1,False
3.217025091695557,4,False
6.928873985836783,8,False
11.507577700361828,11,True
4.504079742440213,3,False
11.78400183272927,9,True
6.90013374829736,5,False
8.934910662703723,11,False
4.490894834647278,4,False
1.6592838483834687,3,False
7.726084890839595,8,False
6.998677987602354,4,False
1.3961886961879237,1,False
11.944220810965133,13,True
8.127181054402245,10,False
3.544761050457553,3,False
3.5310704483380277,3,False
7.09945987170871,9,False
5.868556440063793,6,False
7.765579485079386,7,False
7.235540754303861,5,False
5.227257548375013,6,False
8.752430388491916,5,False
5.880225876697502,5,False
6.156350810096085,6,False
10.559472360411018,7,True
3.2068612276213773,2,False
6.185378772425752,9,False
5.198467594953078,3,False
5.110687445197055,6,False
3.7871783834097728,3,False
7.604673353437211,7,False
5.610994098096814,3,False
2.983994589949356,5,False
10.682409131104707,14,True
8.133722437293493,7,False
3.2877684339090294,3,False
6.386130932828818,8,False
7.984268304507829,6,False
8.176652175438768,8,False
5.365846928100033,5,False
2.2915256798572274,2,False
3.7928727758283345,6,False
7.731637410099196,9,False
2.279998147712724,1,False
1.349732661248404,3,False
2.644622783170494,4,False
8.874340623384219,6,False
5.342080534321677,6,False
7.664752644172104,9,False
7.7861990619929875,9,False
4.064913412227119,3,False
8.110028899354461,6,False
0.9970616085753621,1,False
10.147131178007529,13,True
7.124934993944375,8,False
7.6246810113219645,4,False
4.949732772121452,5,False
6.229311422694476,5,False
10.133870498294772,5,True
3.3163273733712018,4,False
9.605532295347633,11,False
5.330073692919173,5,False
2.1768110242890817,3,False
8.119719618155488,10,False
9.800643116633031,8,False
6.735489972131092,8,False
7.2755973659340745,8,False
8.053481939327828,11,False
7.683787046757214,6,False
6.791794594124142,6,False
8.177176857384888,10,False
9.794258475467801,7,False
3.357149271176484,3,False
2.5869261999063777,3,False
2.6827752591491922,4,False
2.626974555880002,4,False
7.501868923729294,9,False
3.600808320661667,4,False
1.9486094358919592,2,False
2.606471775789811,2,False
5.107161533926142,5,False
9.64470572347678,11,False
8.344122875414055,13,False
10.387770532802676,11,True
4.406202998823039,4,False
6.946703706935562,6,False
1.6304484143900977,0,False
1.6040380002238885,1,False
8.082321577259819,8,False
5.929057189893612,6,False
8.374115881184766,11,False
6.858399469881615,7,False
5.447189232039779,5,False
7.016892062916044,9,False
9.069489239261243,8,False
5.014353898445027,5,False
7.262569164852806,7,False
6.38064803047822,7,False
7.019044909525583,7,False
5.788249527991815,5,False
2.6095482370261482,4,False
6.639254600161664,9,False
5.297639864318252,4,False
4.289120811203681,8,False
8.314851081103587,9,False
7.211612929782403,7,False
6.705110743186081,5,False
6.948708717860636,6,False
6.566604395222308,7,False
4.173001779571933,6,False
11.88931805825537,15,True
8.600596389346698,12,False
5.444795524369707,3,False
7.727409558529831,6,False
10.104967762349023,9,True
4.284841557127498,4,False
6.247367969148913,4,False
7.840009936650406,6,False
2.840633809627193,4,False
5.48210719647251,6,False
6.356474278724334,8,False
6.052505827542624,7,False
4.08377400972674,4,False
6.032109409847816,5,False
1.8096524170757862,2,False
3.581525261986612,2,False
3.5112749256285705,5,False
4.282047177515721,6,False
11.361172069004406,17,True
10.228577999570474,12,True
7.391542665432068,8,False
8.065753182665965,10,False
2.9489889091840187,2,False
7.499246658830842,9,False
5.020954285075422,4,False
6.180126738348166,5,False
10.857006284507804,15,True
7.255349497306903,7,False
10.44761121672431,10,True
4.764534370043272,3,False
8.6707312241548,9,False
4.524482324961287,7,False
6.455903593987155,5,False
8.128836201106413,12,False
10.121820818350908,6,True
9.511722303887083,9,False
6.662851425527679,6,False
8.373714200887264,9,False
4.852391076349153,5,False
1.4679027253364696,1,False
10.542344976074496,9,True
5.033427843425466,4,False
10.139950149719462,13,True
5.124404407939581,4,False
4.369166147872837,5,False
1.6966904402765026,1,False
7.150733373095751,9,False
7.4538309652476435,10,False
6.239311653432058,8,False
3.8716837730947664,4,False
6.306358934972591,7,False
6.4982906586680205,7,False
5.606587114456863,7,False
9.56085790245995,8,False
2.4375743422224527,4,False
3.4867993409517295,6,False
6.952565887490589,5,False
5.755110234415039,6,False
7.535559228529118,6,False
6.67894446846456,7,False
5.906397810247575,7,False
4.201145329668073,5,False
8.476082249733228,8,False
2.495764275904726,3,False
4.14831537675493,2,False
4.847335587732975,5,False
7.210859949057601,6,False
5.407608291591436,5,False
6.930938620764782,12,False
6.913017205780307,9,False
7.957802589542967,4,False
10.095658045940127,11,True
4.191470454104687,5,False
1.0294446907768684,2,False
7.285383901862016,10,False
4.267740464725587,4,False
4.894095909743365,4,False
3.207623116229189,4,False
7.680501294832012,7,False
9.245874011781012,12,False
3.8036146031353075,4,False
5.967787159592754,6,False
3.4419345293197456,4,False
8.540906175303409,7,False
4.638876024884307,5,False
7.331308830634721,10,False
3.3806799918001307,3,False
7.185328615298812,6,False
6.686782064564902,8,False
4.205181652258777,5,False
4.528450392308647,6,False
6.63505064580967,6,False
4.886950867131807,4,False
10.909181775260075,12,True
1.5063229792351045,2,False
5.714218448907624,4,False
8.663714991175961,9,False
8.80027569065254,7,False
5.630234733682451,9,False
5.426221037063161,5,False
11.304650656095395,10,True
4.779025872260213,4,False
3.3711170583816887,3,False
5.8872619267347,4,False
5.353228529651827,3,False
7.965809466965445,8,False
7.307048249476347,9,False
3.0050256166312383,3,False
9.555991996964758,9,False
8.083078035720764,10,False
8.03523363136736,6,False
2.6183513451742293,2,False
6.953842286391106,5,False
7.952038727725617,5,False
1.098231508668313,2,False
4.493067605423523,2,False
3.951635497543313,4,False
8.568628233004905,6,False
8.214765697609355,7,False
8.83700196489604,7,False
7.428862580009349,7,False
3.256536889585104,4,False
1.101923231197528,2,False
4.001169386966477,3,False
4.795040176597195,5,False
6.442643032857455,7,False
7.340736663828013,7,False
8.061579641317053,6,False
4.481911066957285,7,False
1.108007851167244,1,False
3.628242785146644,3,False
8.346486869806576,11,False
1.6191792806547367,2,False
2.471976930742237,2,False
2.9907448965959884,3,False
5.2159063246422726,6,False
4.2901505594180955,6,False
8.18236990437383,5,False
6.068909514396243,7,False
5.8169541579440365,6,False
4.187922688288996,6,False
5.02851816853555,5,False
1.2826652685804065,0,False
4.397244563050462,7,False
2.134062632597402,3,False
7.391284532429642,6,False
6.9135287123336555,9,False
4.340343530643624,4,False
11.226080742323479,11,True
7.851147395382238,7,False
9.340422713705232,7,False
6.332299129233557,6,False
5.580812247271094,6,False
7.546867048804016,7,False
10.910704100182736,12,True
3.860687470450197,4,False
8.314913922219201,6,False
1.6960922645341334,1,False
1.146960464705594,2,False
4.911210732226035,6,False
12.326788457788709,12,True
9.28741078677556,8,False
6.402100773441137,6,False
5.080929458876655,3,False
7.850792193102527,6,False
10.937983452327122,12,True
4.3250480918821825,2,False
4.150904368512144,5,False
6.093379421082887,9,False
8.115898298933654,11,False
10.969804292741589,8,True
6.135532258992763,8,False
3.661055701607779,2,False
7.7332326745322835,8,False
4.493607294945758,4,False
12.228837207404588,12,True
8.012569129809366,10,False
2.666951598604123,4,False
5.957648132698847,5,False
4.73689945920915,4,False
6.161689925702267,5,False
11.321929930821074,11,True
2.725823004538121,3,False
11.533809578301467,15,True
6.79756307484738,4,False
5.655225121468409,6,False
3.8258183729301116,2,False
1.2583152554148667,1,False
9.893780503820736,8,True
1.5918772824570535,0,False
7.588814827326173,9,False
8.362322260212864,6,False
5.738061972093396,3,False
6.277114401676924,8,False
6.326514430800662,4,False
5.3834125487224505,5,False
5.018950366045958,5,False
8.93475111747179,10,False
11.232240206480181,8,True
8.972077937584643,10,False
6.403680886853822,6,False
6.742309523188505,8,False
10.06782719267698,8,True
10.06882126064729,11,True
5.877992730045419,4,False
9.598599382732942,8,False
6.292619291903215,4,False
3.128123510025307,3,False
12.339164974184158,13,True
10.052555822219519,9,True
6.715674551118553,7,False
7.049634476834494,7,False
3.810461051212751,2,False
7.803718772127583,5,False
11.147564023077742,10,True
5.2259011650859275,6,False
7.250298340090972,9,False
2.2222209565457174,2,False
7.625709510059037,5,False
8.323052339597222,8,False
7.923263565058083,6,False
6.701198901769196,5,False
7.4808775617652365,11,False
8.405457251777815,12,False
8.970942202258994,11,False
6.1001350565426975,5,False
10.73496134577417,11,True
1.23070964643634,1,False
8.912795498650738,10,False
6.739395597658335,5,False
4.773615380868735,5,False
2.623621345128594,3,False
5.86245067388068,7,False
1.3574234014336968,2,False
1.805602909735156,3,False
6.796297072295165,6,False
7.765945129113365,5,False
6.284792691739529,6,False
11.43003872662678,13,True
3.8825099074709213,3,False
7.840012947881135,9,False
5.529335336701362,7,False
1.128538391249153,2,False
8.39619053127421,7,False
3.9693924416846746,3,False
9.94222292436227,12,True
1.9367065654547213,2,False
9.715433043619795,13,False
4.528837101725902,4,False
5.17999230642236,3,False
7.864377953877435,6,False
6.18326093849043,8,False
6.049185920455699,4,False
7.130337330310819,9,False
3.6040896435127054,3,False
8.736829517611392,7,False
7.6600074791475254,10,False
5.254333446537562,7,False
7.101090173976946,5,False
7.253218431391199,9,False
10.013956517836672,11,True
6.797966660868927,8,False
9.926595066337615,11,True
5.257546168663121,5,False
9.270592647718388,12,False
3.1973215862606095,4,False
6.317040450400841,7,False
8.411380604045831,10,False
1.4625840634369531,2,False
7.45210588179053,11,False
5.242576741383443,3,False
6.008419384599545,5,False
5.570613137982405,4,False
3.5990097392828853,3,False
4.359432543676652,5,False
5.540059949465695,7,False
5.807123615423059,8,False
1.7468222120472712,2,False
9.885071625131248,9,True
2.2540614078658248,3,False
7.811902112428795,8,False
11.562012114915603,10,True
6.821916520925177,5,False
9.586542812714251,9,False
1.0937711923708893,1,False
8.376948387796148,9,False
8.958615588482907,8,False
4.5892611982553415,3,False
6.562556384788857,7,False
6.549326202565373,4,False
8.971976116802153,6,False
6.440487233325564,7,False
7.656531014908136,10,False
7.842296545235602,7,False
5.163386131197421,7,False
6.91257258172586,6,False
10.805216481153586,9,True
5.430299070153156,8,False
7.163155003039796,6,False
2.7515282507887875,2,False
5.307211603424744,6,False
8.222718021698485,9,False
1.8711981760540368,3,False
7.487264877323519,11,False
2.8530476303044843,3,False
2.9932338931606797,1,False
7.50900896403847,7,False
3.3998394762211586,3,False
1.784559657035996,1,False
3.582402044719153,4,False
7.283392506241037,6,False
5.112595001166323,5,False
4.5935019329858156,6,False
1.5484636349816334,2,False
8.077914137303658,8,False
5.557921007199007,6,False
4.597866789681832,4,False
5.743162229025682,8,False
6.346493653210786,8,False
3.9841090440291143,4,False
8.327507019346871,8,False
4.971337886201365,4,False
7.418656971558195,6,False
2.287835653519797,3,False
8.214574603486168,13,False
9.805842589845415,7,False
2.3374146864856717,3,False
3.9907649709348845,4,False
8.900400529370822,5,False
5.4142789961369,5,False
4.91471692519737,6,False
8.188148442116754,8,False
5.003497201432096,3,False
4.802313809761781,3,False
7.1258342041706815,6,False
5.315820153141866,6,False
2.3044383326291307,3,False
3.3464617524948728,4,False
12.154027160475806,12,True
8.952221836197257,10,False
4.705810119443583,3,False
7.782721589712542,6,False
10.908103904281166,11,True
3.458356330100334,4,False
6.297071443360798,7,False
2.5436759566130283,3,False
6.453592233976025,5,False
4.32910757754788,5,False
1.3178011697660041,1,False
5.110385486951813,5,False
2.125126665319036,3,False
2.9089059118219387,3,False
8.952093633113972,9,False
11.089374561855472,7,True
8.257811150678492,9,False
10.691962149833575,14,True
8.268699176658096,9,False
9.577868390339253,16,False
3.800815347128378,5,False
9.77614181330892,14,False
6.603741145077171,7,False
7.454276754578748,7,False
7.792395244543895,5,False
8.076574625717633,6,False
3.4104990199364904,2,False
5.033360804002176,6,False
5.633806011772618,7,False
8.646370390627204,11,False
10.154123690994421,13,True
6.206440056924329,7,False
3.3688906177581415,3,False
11.140219604974614,10,True
5.1842032435936325,7,False
8.879312827126236,6,False
3.823509130456187,2,False
11.47202957876091,13,True
8.48124439447828,11,False
3.7574894557268883,2,False
2.2920145575173017,1,False
5.027495769679653,7,False
4.646916861969743,4,False
5.084510847280577,6,False
5.350007782291149,6,False
2.861431194073215,1,False
6.0209174545514275,7,False
3.641939279072312,4,False
1.462480524997317,2,False
4.547615931848972,7,False
3.0100705610606293,2,False
6.054169858814118,3,False
6.350795124059012,5,False
5.341835556090382,6,False
1.669367338079737,2,False
6.724419288978932,7,False
5.367781687692931,4,False
11.283562583885187,11,True
3.2538511393898055,5,False
6.707361223544037,8,False
11.695549587210078,13,True
9.862766882862013,11,False
4.4440475560232136,3,False
6.370121628347786,7,False
4.823470806302761,6,False
6.989148905501545,6,False
6.095048724150023,7,False
1.8928399102603075,1,False
6.455368711225205,5,False
6.391603400104116,7,False
8.592059617814215,9,False
8.123641785145379,8,False
6.007941894232125,6,False
6.582323961458163,8,False
5.885248996591475,6,False
6.567961171473013,8,False
11.909099197148318,10,True
1.431065643814657,2,False
9.875212901596905,6,True
7.4756894110150895,7,False
4.184065638578694,5,False
7.838344920952467,6,False
12.153926702534914,15,True
4.090183290200238,3,False
2.4112678855046648,3,False
7.254998028604824,7,False
6.235219140073126,5,False
6.438747047233149,8,False
5.43715908519585,5,False
6.2064009983221595,6,False
6.613052189507866,7,False
5.988242575953618,5,False
1.834140234973722,1,False
5.454906291846871,5,False
8.470568806539964,9,False
5.028108402819624,6,False
1.9884295854158394,2,False
6.943119550700349,7,False
8.49717863547403,8,False
3.529927297040925,4,False
9.466368573293991,8,False
7.4701175178552806,7,False
9.98890568662491,9,True
6.800081428272758,5,False
4.520184311840174,4,False
7.694603701474026,5,False
9.601561503031169,14,False
1.63628552036967,3,False
5.8682554218588,5,False
10.21862544281564,9,True
6.913359800127242,8,False
9.811039988237235,9,False
10.20389814293456,11,True
4.7710265884843945,5,False
6.999221832788945,4,False
6.105097786759299,8,False
10.15579260246736,8,True
11.294418926401692,8,True
10.118802315798243,11,True
10.259996476280959,11,True
1.7237982404388177,2,False
4.788812792469534,7,False
7.411186905446031,6,False
5.121745712697291,6,False
3.258288598314423,2,False
9.446402904793507,11,False
8.176931048708543,7,False
9.986324145975422,10,True
5.63010137519258,4,False
8.402953026166454,14,False
6.423406278236767,5,False
8.473699137734652,6,False
1.6245550076986595,1,False
3.9306125795648894,4,False
4.197210194015621,4,False
3.4413694892038578,4,False
4.941844844368781,5,False
7.960119733960347,8,False
3.262765312546568,1,False
8.142036043621063,7,False
2.7594428731669662,3,False
4.909946138024428,3,False
1.215341194586446,1,False
6.947700323109691,7,False
9.199456536478245,13,False
1.5102103308537647,2,False
3.645016373438039,5,False
3.966424108599802,4,False
1.8405100886920271,2,False
5.624637987986375,7,False
8.65091882002406,10,False
7.750286720610883,11,False
9.333885040724358,8,False
8.007513322101047,7,False
2.4918512874538656,2,False
3.2099764251381244,3,False
2.190951401677963,3,False
4.152371764021979,5,False
10.080525315976896,10,True
4.5144809230697955,3,False
9.055699445891623,8,False
8.972803619305044,9,False
2.8275323527057075,3,False
2.5355049687622317,1,False
3.0222702404758985,2,False
2.76259435872102,3,False
5.266935272451976,8,False
6.603055727099135,8,False
3.6871310576527305,4,False
5.3658130221272105,6,False
6.866885769207476,5,False
7.716385115019998,8,False
12.312242929895516,14,True
4.1665892005641405,5,False
8.544915978756578,9,False
5.267877790152779,2,False
9.65042924561368,11,False
7.244661107893013,8,False
7.17472823690535,7,False
4.1311751944200665,5,False
4.006906789845646,4,False
7.960922734621281,10,False
2.2917725629533843,4,False
4.733910126969636,4,False
7.850522448736564,5,False
6.970401767101065,7,False
8.107382284314566,6,False
8.442295184998672,9,False
3.6277697572122265,4,False
9.639139819850719,9,False
5.978628605779675,6,False
8.523965457873175,9,False
4.006877144974594,3,False
7.123133941696581,6,False
5.352642847683812,4,False
9.5952251456912,5,False
8.03703680458092,7,False
2.881522825631613,3,False
6.783367081457907,3,False
6.9776086951715355,6,False
6.355259047850118,6,False
5.495537824482346,6,False
6.635482039761812,5,False
6.923315672851565,6,False
6.283449008133456,6,False
4.160890950621301,7,False
2.058384636914199,3,False
9.698978400004052,9,False
12.437176508271367,14,True
6.048906491543392,6,False
7.774009657219563,6,False
6.846247882358658,6,False
10.35061325101259,8,True
4.693107377141759,3,False
5.5563613474915075,3,False
8.83548257010667,10,False
7.726198149674383,10,False
4.320175162376847,5,False
9.593692930272748,7,False
4.351261340621933,5,False
5.30595582879771,3,False
4.632959554813941,7,False
6.844519589195235,7,False
3.3732583292412572,2,False
3.130469754129113,2,False
3.0985548499538647,4,False
6.496935562162729,5,False
8.504069102109348,7,False
4.747502243138378,7,False
4.10376643718037,3,False
8.368850217800901,12,False
4.625081120456248,5,False
4.750368296243802,5,False
5.281151471830115,5,False
3.348253139101594,4,False
5.739703275775758,9,False
12.565654320230689,10,True
6.4284626596112755,8,False
6.2395033986841355,4,False
6.431562793848618,7,False
1.8141597127145355,3,False
3.1218009314965602,3,False
5.528133739376937,5,False
4.375411250660977,3,False
9.412912630206236,12,False
5.386977332623392,6,False
10.215072744512085,13,True
7.603434547434723,9,False
2.3528960467735587,3,False
3.418103660890054,4,False
7.030108521723269,9,False
6.715953300029516,8,False
2.4588644319510404,1,False
10.67582242014777,13,True
5.865359023757091,5,False
10.958558490948533,12,True
5.724845174028978,6,False
1.7172707029142522,1,False
3.336293347058738,3,False
9.423166436407413,12,False
2.858455856081049,2,False
8.061552162140089,8,False
4.230540199903853,5,False
6.597819163204466,5,False
3.140491630522121,1,False
3.0772155379374393,5,False
12.081891302337146,9,True
4.903984944972867,3,False
5.78863143155769,6,False
9.321430035534156,9,False
6.9439432340349025,9,False
6.673332339979096,6,False
11.225442504680503,15,True
3.25633272637874,5,False
8.258354987745243,10,False
7.759436918035274,7,False
5.849308671972867,8,False
5.067581729047964,7,False
5.080917523389318,4,False
5.2863126396708315,6,False
5.411085552029168,5,False
6.999972899723656,9,False
5.477621675086675,6,False
1.5497552376528736,3,False
7.74588922745663,7,False
11.02395543242174,11,True
5.369029184629524,9,False
3.0243262533518505,5,False
11.142278574835473,12,True
5.419660839408838,7,False
5.869945342045948,6,False
4.663770385100227,5,False
1.6702885494556883,3,False
11.104520998410367,11,True
4.63871201598154,4,False
7.729938019772264,11,False
6.312159090622411,8,False
5.87064446634247,8,False
8.547915311843205,6,False
2.1480449879315193,3,False
3.2122671717577016,2,False
2.759428813939473,2,False
6.411931800215996,6,False
11.295208167930976,13,True
1.290246605228364,2,False
6.880817188663633,6,False
9.622621954782023,10,False
6.730527973264513,7,False
7.803816755904559,9,False
5.238886452412426,5,False
9.857352245932933,9,False
1.1367543111267393,2,False
10.827350282091198,9,True
12.117052210699187,8,True
4.695158365544835,4,False
7.549481759296478,8,False
5.800936856428054,4,False
5.444133154490932,5,False
6.633771774989324,7,False
1.1461123229586727,0,False
5.184484044271326,8,False
8.43812497095522,6,False
3.4730611099409736,1,False
6.925161876099406,5,False
1.8527246397765644,1,False
3.2280443632993103,2,False
11.479734235076629,11,True
5.922992049735948,6,False
7.133842534978657,9,False
4.013532522518348,2,False
3.9722108692103584,5,False
8.10376783606503,11,False
8.111425304187733,10,False
4.965920338390848,4,False
4.686740606912915,4,False
1.76818063022744,1,False
8.17225086625696,8,False
7.170815707960819,9,False
2.2422225053539426,3,False
6.238901744051914,7,False
5.746575887109413,6,False
9.776806202824254,11,False
11.468061581717052,9,True
5.061881956724314,7,False
4.64009607239797,3,False
8.18621247234698,9,False
3.6392381341565136,3,False
2.2769848753419053,2,False
3.9764536589929476,6,False
1.240037886135343,0,False
7.0089521819422576,9,False
5.678959485381913,7,False
7.900981449268165,8,False
3.622592775571289,4,False
12.507785433024614,12,True
3.1859021210822673,4,False
6.782400869711433,7,False
6.377932098501012,6,False
4.017731610647617,2,False
10.920355693840886,11,True
6.593770739045526,4,False
6.056911721300918,4,False
4.81632517783702,7,False
4.451408151969273,6,False
2.9350843270209612,4,False
10.296433755872247,14,True
5.222004402442878,5,False
4.247102828065784,5,False
9.654541548006192,11,False
11.350579826701813,9,True
7.225958794304583,10,False
5.387634962123906,7,False
7.342324554066888,10,False
6.821102686915849,5,False
7.736325234045383,5,False
6.738340405860431,6,False
4.119134396801697,7,False
5.670841590779769,6,False
7.640631101580769,7,False
7.849341776007834,7,False
4.826275170431508,4,False
6.082166515637079,5,False
3.2162334531020536,3,False
9.764924955974216,10,False
5.884870162201199,6,False
5.761179632967727,6,False
8.11655853780468,10,False
5.451597888183378,5,False
6.435722664308864,6,False
6.078039345554788,6,False
3.7052880089308107,4,False
1.550026380355444,2,False
6.4719190388673,9,False
7.9392374997315125,6,False
4.830998684751288,5,False
3.436256852375034,2,False
2.0221028044543674,3,False
6.377302854109679,8,False
6.632250341551157,8,False
4.899214244027056,5,False
2.715547452213939,2,False
4.325359254855824,6,False
7.881449999295602,7,False
10.095040838045133,11,True
7.397902564499552,6,False
2.236300913371939,4,False
4.310132514889373,6,False
8.033292629132458,7,False
5.755122319191994,6,False
6.237517670334173,8,False
3.2263294732001726,3,False
6.389654979893456,7,False
9.564098258072494,11,False
11.513839533714048,13,True
6.507766073573519,4,False
3.230488188964337,2,False
5.0006592512021655,6,False
11.715138113332884,11,True
8.653822573493024,7,False
2.5229155183464,2,False
3.8318369835835338,2,False
6.0510758977674906,4,False
7.298252839834316,9,False
8.367241888836604,10,False
1.8949950605529375,1,False
3.9656068000180715,4,False
7.841575592449962,10,False
6.488461071718899,4,False
3.32981507644344,2,False
6.553482152088747,5,False
7.705476740938616,7,False
5.7408390324779415,5,False
2.795708778454935,1,False
10.99973635333573,10,True
4.110441109692594,5,False
8.251455041011539,5,False
7.221866995759465,7,False
6.5495515311392545,7,False
8.072477283604492,13,False
10.884358582850716,9,True
4.4951904094167965,5,False
7.48764661775809,10,False
2.7849775647443655,3,False
12.125101025177848,14,True
2.4018510288646118,4,False
6.172267022370723,8,False
8.489025394532858,10,False
7.1823827251188135,6,False
3.9483263577906103,5,False
1.3788195171312614,1,False
7.977673508685135,7,False
4.150145512314534,6,False
7.417687764208569,4,False
9.946939867206877,10,True
4.061708724709543,4,False
3.958430524337919,4,False
4.158863700851751,3,False
5.061255856596143,4,False
7.815189054937949,7,False
6.853980727198249,6,False
7.156966572728805,6,False
3.9749843036653227,4,False
4.883289430365699,4,False
7.42247072578031,5,False
10.419200199401486,12,True
4.870759865828285,6,False
5.833210983489899,6,False
4.661665320232359,3,False
4.28961771085079,5,False
6.980301938173545,5,False
6.370597371710043,6,False
9.802496904382537,11,False
10.282421662783175,11,True
3.8895714984800325,5,False
3.6958523767059708,3,False
6.007284690261924,5,False
1.725800499296879,1,False
3.585393893035639,2,False
8.209600301974202,7,False
1.7313835197936491,1,False
3.6694211604571256,3,False
5.581656728789446,6,False
6.660517499410323,9,False
2.3413843887607078,3,False
5.173126638404584,3,False
1.8597301269951414,3,False
12.020684386627547,10,True
8.183197812061051,8,False
2.3350477896905026,1,False
9.354399656810095,9,False
3.905894742995932,4,False
5.533476367332386,7,False
9.025829853720918,12,False
1.50619076144483,3,False
5.156585938197962,7,False
4.334368008941546,3,False
5.163600362266411,6,False
6.791459861520319,5,False
6.988616417994227,4,False
4.55015685239217,7,False
5.432344096392531,7,False
1.8833466871164548,2,False
4.313638453614452,5,False
8.0348973004825,11,False
4.314362550252725,4,False
7.228656848089729,4,False
5.29571448975643,6,False
3.5107597649157993,4,False
3.381515791163468,2,False
4.720608572462981,5,False
7.179620016266535,7,False
8.898600098586359,11,False
3.9926318481017633,4,False
3.7625423807850407,4,False
7.510983242119187,8,False
3.8121572259027845,5,False
1.2312868566253758,1,False
11.1905087560366,14,True
4.020757341430114,5,False
6.085640756699744,7,False
8.69479234350072,7,False
4.269900392626203,5,False
4.090218829098042,2,False
3.6566240893860127,4,False
9.778582934867295,10,False
5.505998593648433,3,False
10.253465607934498,15,True
2.786021804354907,3,False
6.19930883713929,9,False
1.5638142996958981,1,False
2.4400587609070525,3,False
6.92643127447054,6,False
6.431425268942926,7,False
8.351601206801979,10,False
8.791039995371246,7,False
6.61408732679753,6,False
7.38146946719613,6,False
6.70333297642013,6,False
9.227092722501114,9,False
11.351246980334688,8,True
8.84073259606277,9,False
7.927150915903223,5,False
4.928283872997026,6,False
8.916296487856002,11,False
7.830025589543951,8,False
4.8514149184805175,4,False
3.985261082975767,5,False
6.68981526635293,7,False
2.64521951169845,3,False
8.737800754615483,9,False
3.1745926735490597,3,False
5.995506113997736,4,False
7.520177645141038,9,False
5.63641716884175,6,False
5.260765645605933,7,False
2.470266438355483,2,False
6.968087728103121,8,False
4.400510464697005,5,False
10.344127206078518,11,True
5.167103961991375,5,False
4.830556472753015,3,False
12.256126592051663,12,True
7.795321208425337,9,False
3.0174886643088366,4,False
1.7590278899593743,1,False
7.8550702253227165,8,False
5.867071108432075,7,False
9.832723774159408,11,False
8.29277923105693,8,False
9.315261621136994,10,False
6.209726965971746,9,False
8.834512551380262,6,False
5.083809369911057,6,False
6.858572410115285,6,False
8.25302661394632,13,False
5.720912460737939,7,False
2.777417712428603,3,False
10.560369858339273,13,True
2.959842380515249,4,False
4.1294531231129685,4,False
8.848897299475937,8,False
4.680873688890353,4,False
3.2067147201421013,2,False
6.7981151774388975,9,False
6.831983941578186,7,False
6.517813792636485,6,False
11.535402743339452,16,True
4.808858342122726,5,False
7.094453065224686,6,False
9.101406249759401,10,False
2.37153988533644,2,False
3.713668595520607,3,False
2.336122975198551,2,False
8.100305314940423,7,False
5.968274534813778,5,False
9.03246279896343,11,False
11.503821416770375,10,True
2.989798271307359,3,False
11.492733270414368,11,True
6.325048184095824,8,False
3.3159326193611975,4,False
9.114546034682304,8,False
9.838515695504382,9,False
11.673458534070097,13,True
6.576112591541915,7,False
9.791165443442296,10,False
3.4105308526793365,5,False
8.497082280740894,10,False
6.874532659426871,5,False
5.134521640369618,5,False
3.275891359070487,3,False
2.9999308753728027,4,False
5.183385053792854,5,False
6.030811147509084,6,False
1.3419776141195943,1,False
6.398525546330088,7,False
6.2735040036837235,5,False
9.980418721033958,13,True
8.045264110582718,9,False
4.0890072926221475,4,False
7.236143760049597,7,False
5.41922588545997,5,False
1.7527945720318998,3,False
6.923622479652319,5,False
5.716547339639418,8,False
8.653897710129135,8,False
3.1241555864793735,3,False
5.889492055014431,6,False
5.315837545127099,7,False
5.26012090055948,5,False
2.6512977854737283,2,False
8.635119340145202,8,False
5.56340099422548,9,False
8.15077931869373,5,False
9.822207992371256,10,False
10.641046305999641,8,True
6.08884540246607,4,False
2.543371249691309,3,False
5.061112828028107,5,False
6.158706280260353,8,False
5.425664547892858,4,False
6.141956953021543,7,False
3.8863578090488917,4,False
7.66926800737523,4,False
3.1875889046637482,3,False
9.991489772196857,8,True
7.366255347831036,7,False
4.417282016740955,3,False
5.580718230094953,6,False
2.258031553681329,2,False
3.9595284195836387,3,False
7.194920198220969,9,False
6.882694652651463,5,False
3.303318838187394,4,False
9.328005004700099,9,False
6.657509298184542,5,False
11.370151469493328,13,True
2.3147455210891366,3,False
4.1408751567131485,4,False
10.783564183795155,8,True
6.219452706757123,9,False
7.131814445812512,5,False
7.176814729952499,5,False
7.746413753670279,7,False
7.930026291261094,9,False
2.254119988477486,3,False
11.247847779692679,9,True
10.65770460743909,14,True
10.102576211608936,10,True
5.622291147082262,8,False
5.234501023547148,7,False
7.573231446696023,10,False
4.8091374099418385,3,False
3.7488299926942212,3,False
8.432795136164968,9,False
5.617310314869965,9,False
3.267242715678501,4,False
3.242131173218689,2,False
2.8781275545141685,3,False
5.013501689341314,6,False
7.593180041560491,7,False
12.074969792669005,10,True
4.685125839525606,5,False
6.186491882110721,4,False
6.805344063653049,6,False
12.004169954020261,10,True
9.25913237829462,13,False
5.249268393579286,3,False
9.627249447217645,10,False
10.696274607632498,13,True
3.8180749816116526,5,False
7.776003278533374,8,False
8.514234062747343,7,False
3.4463439634157127,2,False
7.93445227522305,6,False
1.9386481675741694,3,False
5.312627832485213,5,False
3.8097202130157832,4,False
2.9209887426177494,2,False
2.361461138127191,1,False
7.317392015797344,5,False
3.9544850073115834,3,False
7.091218009829717,10,False
8.464581486525226,7,False
6.973486533708684,7,False
5.352185749031399,5,False
4.116326970172548,5,False
4.408996113506658,4,False
1.0519895097517624,1,False
5.723945587701366,7,False
8.06197579549855,10,False
4.591683230536984,4,False
5.249594111243743,6,False
8.384963810509488,6,False
5.155907689466126,4,False
8.688793092694024,8,False
5.286569895757765,5,False
3.46650799148844,3,False
7.790154273094947,9,False
9.39023249796724,7,False
7.49809454236372,5,False
9.355269301034708,7,False
8.042982302038888,8,False
3.118012215128484,2,False
1.3846771824212283,3,False
3.14919400477273,3,False
4.163693497783208,6,False
5.388047093298527,7,False
11.387619936382956,9,True
4.122330103961183,4,False
8.251102862732182,11,False
6.656397645410065,7,False
8.603136665854564,9,False
5.74782469648292,6,False
12.494175649477521,11,True
2.404309367727196,4,False
2.785638277388256,2,False
8.084063446109148,7,False
6.023658023340301,5,False
5.347378460163597,5,False
4.1405298674170385,6,False
3.9170865854596864,5,False
3.8045165650648984,5,False
8.493927913120338,12,False
3.609223954378428,4,False
7.788505685114145,7,False
8.04264612560043,7,False
11.475141659846978,11,True
10.145766459907708,14,True
4.7217742618041045,6,False
2.425820407685877,3,False
4.624989750314578,3,False
8.943288823904604,9,False
7.175966556284068,10,False
3.899842299353096,3,False
11.382595928806992,11,True
10.061547102509442,9,True
8.365228807713056,6,False
7.82108168239607,7,False
4.279701513470356,4,False
8.49632347083157,7,False
8.097039574945475,7,False
11.210117960331115,11,True
5.400096867845937,7,False
7.391612829931482,8,False
7.997923895103707,7,False
3.4855996440230497,3,False
11.202156592409784,11,True
3.1543783354560624,6,False
6.706600538520438,6,False
7.40487714227954,6,False
2.8316960743382156,4,False
4.898232801271623,6,False
10.760856398452244,12,True
9.698135159001103,12,False
5.399652790087072,5,False
5.400494815403304,7,False
3.0657883286240244,3,False
8.010368201794464,9,False
6.471760567922917,4,False
3.121167457351703,3,False
4.060252101044129,4,False
7.978796808917921,8,False
8.314708126814198,9,False
4.420202662621955,5,False
4.662914166650102,3,False
7.383534777267128,8,False
2.225174307773753,2,False
5.659713124584185,6,False
6.5654264407725496,7,False
7.856753662955143,7,False
6.988691621916441,9,False
2.909908447158732,2,False
5.811612524976458,4,False
4.1107076929139055,2,False
5.66909743688509,4,False
3.359408645001125,4,False
6.71945499643053,9,False
4.000190934789749,3,False
1.1426261596087324,2,False
7.85821712178164,5,False
10.953669870735023,12,True
1.4568901312489455,2,False
9.72810601570913,12,False
6.063278968963046,8,False
9.826739967107677,14,False
6.071966628619551,7,False
7.1857483863400375,7,False
9.048982293187018,11,False
3.6367341074108746,2,False
4.443964798779452,2,False
5.56326136108688,3,False
4.567101099851579,5,False
3.6104782211920785,4,False
5.995613199882596,8,False
5.712804330431796,6,False
11.114252831399154,7,True
1.8365921639237577,4,False
7.394456703153425,7,False
9.524746464602996,10,False
8.273702350571591,7,False
1.3605999255525365,0,False
2.5291093928579285,3,False
9.06473436853085,9,False
5.914109431593788,5,False
11.045417530704668,9,True
4.573024418846799,6,False
7.8701978357713465,10,False
5.14572338049467,5,False
7.195720844511923,7,False
6.47768831493331,9,False
4.300115805958762,6,False
4.190499029105814,4,False
1.3489054351374037,3,False
2.2825797370844176,3,False
